Value,Consecutive Count,onset
0,148576,0
99,1029,148576
0,4013,149605
99,1025,153618
0,3014,154643
99,1028,157657
0,2011,158685
99,1032,160696
0,1012,161728
99,1030,162740
0,2419,163770
1,2825,166189
0,2416,169014
4,1296,171430
0,1609,172726
2,1293,174335
0,2058,175628
5,1296,177686
0,2465,178982
1,1294,181447
0,2480,182741
5,1296,185221
0,1997,186517
5,1279,188514
0,1653,189793
3,1296,191446
0,2418,192742
4,1295,195160
0,2470,196455
4,1290,198925
0,1542,200215
5,1296,201757
0,2435,203053
4,1293,205488
0,2266,206781
4,1276,209047
0,1902,210323
4,1281,212225
0,1684,213506
4,1280,215190
0,1544,216470
2,1295,218014
0,1559,219309
1,1296,220868
0,2334,222164
4,1302,224498
0,1824,225800
5,1296,227624
0,1543,228920
3,1296,230463
0,1892,231759
4,1290,233651
0,2310,234941
1,1294,237251
0,1996,238545
3,1296,240541
0,2153,241837
4,1295,243990
0,2264,245285
2,1293,247549
0,2189,248842
4,1306,251031
0,1672,252337
1,1293,254009
0,2010,255302
5,1296,257312
0,1844,258608
3,1307,260452
0,1734,261759
4,1293,263493
0,1763,264786
3,1295,266549
0,2203,267844
5,1306,270047
0,2469,271353
3,1292,273822
0,1657,275114
1,1291,276771
0,1767,278062
5,1306,279829
0,1769,281135
5,1290,282904
0,1749,284194
5,1292,285943
0,1861,287235
1,1306,289096
0,1763,290402
4,1297,292165
0,1985,293462
2,1305,295447
0,2339,296752
3,1296,299091
0,2062,300387
5,1291,302449
0,1798,303740
4,1308,305538
0,2264,306846
2,1308,309110
0,2078,310418
1,1291,312496
0,1563,313787
3,1294,315350
0,2292,316644
5,1295,318936
0,1639,320231
3,1293,321870
0,1983,323163
1,1294,325146
0,1841,326440
1,1279,328281
0,2314,329560
2,1306,331874
0,2047,333180
1,1291,335227
0,2111,336518
2,1290,338629
0,2167,339919
4,1297,342086
0,2261,343383
3,1297,345644
0,1589,346941
2,1297,348530
0,2415,349827
1,1297,352242
0,2339,353539
3,1296,355878
0,2511,357174
1,1296,359685
0,1950,360981
1,1278,362931
0,2476,364209
1,1285,366685
0,2278,367970
5,1294,370248
0,2381,371542
1,1301,373923
0,1905,375224
2,1294,377129
0,2312,378423
3,1306,380735
0,2418,382041
1,1294,384459
0,1779,385753
1,1280,387532
0,1637,388812
5,1296,390449
0,2091,391745
3,1295,393836
0,1655,395131
5,1293,396786
0,2138,398079
2,1296,400217
0,2026,401513
3,1296,403539
0,1574,404835
2,1296,406409
0,1640,407705
1,1292,409345
0,1748,410637
3,1295,412385
0,1562,413680
5,1293,415242
0,2453,416535
3,1306,418988
0,1998,420294
2,1294,422292
0,2405,423586
2,1277,425991
0,1623,427268
4,1294,428891
0,1903,430185
2,1297,432088
0,1916,433385
1,1296,435301
0,1641,436597
5,1293,438238
0,2465,439531
3,1294,441996
0,1560,443290
2,1296,444850
0,1859,446146
5,1292,448005
0,1528,449297
1,1295,450825
0,1675,452120
4,1305,453795
0,2252,455100
4,1289,457352
0,1966,458641
3,1295,460607
0,1809,461902
4,1294,463711
0,1706,465005
4,1280,466711
0,1679,467991
2,1295,469670
0,2137,470965
4,1297,473102
0,1594,474399
5,1292,475993
0,2275,477285
3,1296,479560
0,1952,480856
3,1278,482808
0,1810,484086
3,1278,485896
0,2024,487174
5,1301,489198
0,2307,490499
4,1297,492806
0,1889,494103
5,1293,495992
0,2044,497285
2,1294,499329
0,2449,500623
5,1295,503072
0,2058,504367
4,1294,506425
0,2093,507719
2,1296,509812
0,1809,511108
3,1293,512917
0,1733,514210
5,1295,515943
0,1707,517238
2,1303,518945
0,1688,520248
2,1277,521936
0,1949,523213
2,1281,525162
0,2433,526443
3,1294,528876
0,1687,530170
5,1294,531857
0,2479,533151
3,1296,535630
0,1622,536926
2,1295,538548
0,1920,539843
3,1295,541763
0,1771,543058
4,1302,544829
0,2214,546131
2,1297,548345
0,1620,549642
2,1281,551262
0,1825,552543
3,1294,554368
0,2013,555662
1,1296,557675
0,1762,558971
5,1295,560733
0,1552,562028
5,1287,563580
0,2231,564867
3,1295,567098
0,2090,568393
2,1296,570483
0,1965,571779
5,1295,573744
0,2059,575039
3,1296,577098
0,1730,578394
3,1280,580124
0,2138,581404
4,1295,583542
0,1905,584837
2,1294,586742
0,2500,588036
1,1305,590536
0,2389,591841
5,1293,594230
0,2308,595523
1,1296,597831
0,1761,599127
2,1296,600888
0,2190,602184
1,1305,604374
0,2233,605679
1,1293,607912
0,2170,609205
3,1293,611375
0,2292,612668
4,1296,614960
0,2418,616256
5,1295,618674
0,1840,619969
4,1297,621809
0,1703,623106
1,1307,624809
0,2247,626116
3,1295,628363
0,1980,629658
5,1296,631638
0,2121,632934
4,1294,635055
0,2374,636349
5,1293,638723
0,2090,640016
1,1295,642106
0,1748,643401
5,1294,645149
0,1544,646443
3,1297,647987
0,1668,649284
5,1296,650952
0,2224,652248
3,1301,654472
0,1981,655773
1,1295,657754
0,2184,659049
1,1279,661233
0,1575,662512
3,1296,664087
0,1610,665383
5,1293,666993
0,2324,668286
4,1293,670610
0,1656,671903
4,1278,673559
0,2030,674837
5,1293,676867
0,2152,678160
5,1280,680312
0,1967,681592
3,1293,683559
0,2345,684852
1,1292,687197
0,1636,688489
1,1280,690125
0,1902,691405
5,1296,693307
0,2313,694603
1,1307,696916
0,1906,698223
3,1307,700129
0,1920,701436
4,1294,703356
0,2140,704650
2,1294,706790
0,1941,708084
1,1302,710025
0,2495,711327
1,1280,713822
0,1626,715102
2,1293,716728
0,1701,718021
3,1293,719722
0,1844,721015
5,1292,722859
0,2433,724151
1,1296,726584
0,2248,727880
2,1309,730128
0,1935,731437
3,1295,733372
0,2448,734667
3,1280,737115
0,2496,738395
2,1295,740891
0,2214,742186
4,1295,744400
0,2047,745695
4,1277,747742
0,2179,749019
1,1300,751198
0,1639,752498
5,1293,754137
0,1686,755430
1,1295,757116
0,2074,758411
5,1295,760485
0,2189,761780
1,1305,763969
0,1875,765274
3,1293,767149
0,2501,768442
1,1306,770943
0,2376,772249
4,1306,774625
0,1887,775931
1,1296,777818
0,1934,779114
3,1294,781048
0,1622,782342
3,1280,783964
0,1731,785244
2,1296,786975
0,2092,788271
2,1277,790363
0,1801,791640
4,1303,793441
0,1779,794744
5,1311,796523
0,2496,797834
4,1295,800330
0,1856,801625
3,1296,803481
0,1621,804777
5,1296,806398
0,2391,807694
5,1291,810085
0,1771,811376
3,1301,813147
0,1535,814448
3,1290,815983
0,1825,817273
1,1295,819098
0,1683,820393
3,1296,822076
0,1607,823372
3,1280,824979
0,1981,826259
4,1294,828240
0,2202,829534
4,1277,831736
0,1545,833013
1,1295,834558
0,1824,835853
3,1296,837677
0,2167,838973
3,1281,841140
0,2327,842421
4,1292,844748
0,2481,846040
3,1294,848521
0,1845,849815
1,1306,851660
0,2124,852966
4,1309,855090
0,1936,856399
1,1294,858335
0,1780,859629
1,1279,861409
0,1792,862688
3,1295,864480
0,2028,865775
3,1277,867803
0,2387,869080
3,1279,871467
0,2452,872746
4,1296,875198
0,2469,876494
2,1292,878963
0,2181,880255
2,1282,882436
0,2181,883718
4,1296,885899
0,1580,887195
2,1291,888775
0,1730,890066
4,1312,891796
0,2355,893108
2,1295,895463
0,2293,896758
4,1295,899051
0,1518,900346
4,1291,901864
0,1890,903155
5,1292,905045
0,1516,906337
3,1293,907853
0,1934,909146
3,1279,911080
0,2278,912359
2,1295,914637
0,2295,915932
3,1294,918227
0,1546,919521
1,1307,921067
0,2231,922374
3,1296,924605
0,1652,925901
2,1297,927553
0,2120,928850
1,1296,930970
0,2247,932266
2,1294,934513
0,2417,935807
2,1281,938224
0,2276,939505
1,1296,941781
0,1796,943077
1,1278,944873
0,2089,946151
4,1296,948240
0,2058,949536
3,1295,951594
0,2153,952889
4,1296,955042
0,2191,956338
4,1288,958529
0,2450,959817
2,1295,962267
0,2219,963562
2,1291,965781
0,1623,967072
4,1293,968695
0,1974,969988
3,1303,971962
0,2167,973265
4,1296,975432
0,1861,976728
4,1291,978589
0,1920,979880
5,1293,981800
0,2340,983093
2,1295,985433
0,2121,986728
3,1295,988849
0,2054,990144
5,1301,992198
0,1777,993499
2,1297,995276
0,1631,996573
5,1301,998204
0,2158,999505
3,1306,1001663
0,2153,1002969
3,1278,1005122
0,2153,1006400
3,1281,1008553
0,2234,1009834
3,1275,1012068
0,2501,1013343
2,1291,1015844
0,1606,1017135
1,1294,1018741
0,1576,1020035
3,1296,1021611
0,1961,1022907
2,1299,1024868
0,2277,1026167
4,1296,1028444
0,2279,1029740
5,1294,1032019
0,2484,1033313
1,1307,1035797
0,1658,1037104
4,1290,1038762
0,1608,1040052
3,1294,1041660
0,2043,1042954
5,1295,1044997
0,1999,1046292
2,1294,1048291
0,2182,1049585
4,1295,1051767
0,2034,1053062
2,1306,1055096
0,1661,1056402
3,1303,1058063
0,1762,1059366
1,1296,1061128
0,2262,1062424
2,1294,1064686
0,1945,1065980
4,1295,1067925
0,1877,1069220
4,1281,1071097
0,1907,1072378
4,1291,1074285
0,2216,1075576
3,1293,1077792
0,1531,1079085
2,1293,1080616
0,1934,1081909
2,1280,1083843
0,1703,1085123
5,1292,1086826
0,1941,1088118
5,1288,1090059
0,1902,1091347
4,1296,1093249
0,1904,1094545
5,1294,1096449
0,2265,1097743
2,1293,1100008
0,1737,1101301
4,1305,1103038
0,2469,1104343
2,1306,1106812
0,2183,1108118
3,1296,1110301
0,2341,1111597
4,1294,1113938
0,1670,1115232
5,1295,1116902
0,2497,1118197
3,1293,1120694
0,2387,1121987
3,1279,1124374
0,1675,1125653
1,1290,1127328
0,1918,1128618
4,1295,1130536
0,2339,1131831
4,1280,1134170
0,1830,1135450
3,1290,1137280
0,1594,1138570
1,1309,1140164
0,1647,1141473
4,1301,1143120
0,1997,1144421
1,1295,1146418
0,1996,1147713
1,1280,1149709
0,1565,1150989
5,1305,1152554
0,2074,1153859
5,1280,1155933
0,2204,1157213
3,1307,1159417
0,2326,1160724
5,1293,1163050
0,2499,1164343
1,1293,1166842
0,2375,1168135
4,1307,1170510
0,2502,1171817
3,1304,1174319
0,1984,1175623
5,1292,1177607
0,1731,1178899
3,1311,1180630
0,2404,1181941
3,1278,1184345
0,2355,1185623
4,1296,1187978
0,2094,1189274
2,1307,1191368
0,2178,1192675
1,1300,1194853
0,2137,1196153
4,1296,1198290
0,2233,1199586
5,1292,1201819
0,2496,1203111
4,1296,1205607
0,2093,1206903
5,1292,1208996
0,2092,1210288
1,1294,1212380
0,1621,1213674
5,1295,1215295
0,1997,1216590
5,1280,1218587
0,1719,1219867
3,1292,1221586
0,2,1222878
91,120026,1222880
0,2141,1342906
1,1294,1345047
0,2124,1346341
2,1294,1348465
0,1560,1349759
3,1294,1351319
0,1703,1352613
1,1292,1354316
0,1716,1355608
1,1281,1357324
0,1703,1358605
1,1276,1360308
0,2138,1361584
2,1294,1363722
0,2048,1365016
4,1291,1367064
0,2012,1368355
3,1295,1370367
0,1960,1371662
1,1301,1373622
0,1997,1374923
5,1295,1376920
0,2386,1378215
2,1294,1380601
0,1721,1381895
3,1291,1383616
0,2152,1384907
3,1280,1387059
0,1717,1388339
5,1294,1390056
0,1593,1391350
1,1293,1392943
0,1656,1394236
1,1278,1395892
0,2122,1397170
3,1294,1399292
0,1564,1400586
5,1307,1402150
0,2241,1403457
4,1300,1405698
0,1576,1406998
5,1293,1408574
0,2449,1409867
5,1282,1412316
0,2371,1413598
4,1294,1415969
0,2027,1417263
1,1312,1419290
0,1908,1420602
1,1289,1422510
0,1545,1423799
5,1297,1425344
0,1809,1426641
2,1294,1428450
0,1843,1429744
3,1293,1431587
0,2161,1432880
1,1302,1435041
0,2355,1436343
3,1295,1438698
0,2366,1439993
2,1301,1442359
0,1949,1443660
1,1296,1445609
0,1687,1446905
4,1292,1448592
0,1840,1449884
5,1296,1451724
0,1632,1453020
5,1286,1454652
0,2046,1455938
4,1292,1457984
0,2512,1459276
2,1294,1461788
0,1922,1463082
3,1293,1465004
0,2276,1466297
5,1297,1468573
0,1606,1469870
1,1295,1471476
0,1872,1472771
1,1279,1474643
0,2031,1475922
2,1292,1477953
0,1689,1479245
2,1275,1480934
0,2418,1482209
4,1296,1484627
0,1983,1485923
5,1294,1487906
0,5150,1489200
3,1291,1494350
0,1687,1495641
3,1278,1497328
0,1808,1498606
1,1296,1500414
0,1716,1501710
5,1296,1503426
0,1581,1504722
2,1304,1506303
0,1561,1507607
3,1294,1509168
0,1532,1510462
5,1294,1511994
0,1703,1513288
1,1306,1514991
0,1810,1516297
3,1295,1518107
0,1607,1519402
5,1295,1521009
0,1842,1522304
2,1293,1524146
0,1576,1525439
2,1279,1527015
0,1560,1528294
3,1296,1529854
0,2273,1531150
4,1299,1533423
0,1591,1534722
1,1295,1536313
0,2279,1537608
5,1294,1539887
0,2042,1541181
1,1297,1543223
0,2338,1544520
2,1296,1546858
0,1794,1548154
4,1294,1549948
0,1523,1551242
1,1302,1552765
0,2168,1554067
4,1295,1556235
0,2038,1557530
4,1285,1559568
0,2215,1560853
4,1281,1563068
0,1796,1564349
4,1291,1566145
0,2061,1567436
2,1293,1569497
0,1576,1570790
4,1295,1572366
0,1840,1573661
4,1280,1575501
0,2252,1576781
1,1306,1579033
0,1637,1580339
3,1295,1581976
0,1998,1583271
5,1294,1585269
0,2312,1586563
4,1307,1588875
0,1565,1590182
1,1307,1591747
0,1600,1593054
4,1301,1594654
0,2454,1595955
4,1290,1598409
0,1637,1599699
4,1281,1601336
0,1623,1602617
1,1295,1604240
0,2150,1605535
2,1297,1607685
0,2167,1608982
4,1296,1611149
0,2092,1612445
4,1278,1614537
0,1746,1615815
4,1280,1617561
0,2482,1618841
5,1294,1621323
0,1598,1622617
2,1303,1624215
0,1871,1625518
4,1297,1627389
0,2107,1628686
4,1279,1630793
0,1872,1632072
2,1295,1633944
0,1597,1635239
4,1303,1636836
0,1716,1638139
2,1296,1639855
0,2058,1641151
2,1280,1643209
0,2153,1644489
3,1294,1646642
0,1657,1647936
4,1308,1649593
0,1609,1650901
2,1293,1652510
0,1746,1653803
3,1295,1655549
0,1611,1656844
3,1291,1658455
0,1612,1659746
1,1307,1661358
0,2291,1662665
2,1296,1664956
0,2107,1666252
5,1293,1668359
0,1941,1669652
4,1305,1671593
0,2270,1672898
3,1302,1675168
0,2169,1676470
1,1296,1678639
0,2448,1679935
1,1280,1682383
0,1777,1683663
4,1296,1685440
0,1996,1686736
4,1281,1688732
0,1906,1690013
2,1307,1691919
0,1547,1693226
4,1292,1694773
0,1939,1696065
3,1290,1698004
0,2123,1699294
1,1295,1701417
0,1823,1702712
4,1296,1704535
0,2202,1705831
1,1293,1708033
0,1640,1709326
1,1278,1710966
0,1519,1712244
3,1304,1713763
0,2168,1715067
4,1295,1717235
0,2045,1718530
1,1295,1720575
0,2138,1721870
1,1277,1724008
0,1638,1725285
1,1279,1726923
0,1654,1728202
1,1280,1729856
0,1707,1731136
2,1304,1732843
0,1824,1734147
2,1281,1735971
0,1762,1737252
5,1295,1739014
0,2214,1740309
3,1296,1742523
0,1685,1743819
2,1294,1745504
0,1592,1746798
5,1295,1748390
0,2216,1749685
3,1293,1751901
0,1826,1753194
1,1295,1755020
0,2142,1756315
5,1305,1758457
0,1685,1759762
2,1296,1761447
0,1904,1762743
1,1294,1764647
0,2199,1765941
3,1297,1768140
0,2495,1769437
3,1280,1771932
0,2122,1773212
1,1293,1775334
0,1891,1776627
1,1277,1778518
0,2266,1779795
5,1291,1782061
0,1857,1783352
4,1293,1785209
0,1814,1786502
3,1293,1788316
0,2340,1789609
3,1278,1791949
0,1839,1793227
2,1296,1795066
0,1966,1796362
3,1295,1798328
0,1872,1799623
3,1280,1801495
0,2255,1802775
3,1285,1805030
0,1935,1806315
1,1296,1808250
0,1531,1809546
2,1292,1811077
0,1824,1812369
4,1295,1814193
0,2471,1815488
5,1291,1817959
0,1970,1819250
2,1305,1821220
0,2277,1822525
4,1295,1824802
0,2254,1826097
4,1287,1828351
0,1610,1829638
4,1277,1831248
0,1965,1832525
2,1296,1834490
0,1609,1835786
5,1292,1837395
0,1686,1838687
1,1295,1840373
0,2169,1841668
5,1294,1843837
0,2029,1845131
4,1294,1847160
0,1654,1848454
5,1294,1850108
0,2047,1851402
4,1306,1853449
0,1546,1854755
5,1296,1856301
0,2260,1857597
1,1296,1859857
0,2029,1861153
2,1293,1863182
0,2059,1864475
2,1281,1866534
0,1919,1867815
1,1294,1869734
0,1768,1871028
1,1290,1872796
0,2436,1874086
4,1293,1876522
0,2445,1877815
1,1314,1880260
0,2434,1881574
4,1296,1884008
0,2091,1885304
3,1293,1887395
0,1766,1888688
4,1292,1890454
0,1732,1891746
1,1295,1893478
0,2276,1894773
4,1295,1897049
0,2240,1898344
4,1287,1900584
0,1937,1901871
2,1292,1903808
0,2327,1905100
2,1293,1907427
0,2325,1908720
4,1294,1911045
0,2365,1912339
3,1302,1914704
0,2148,1916006
5,1299,1918154
0,1953,1919453
1,1308,1921406
0,2375,1922714
4,1307,1925089
0,1859,1926396
5,1294,1928255
0,1728,1929549
4,1297,1931277
0,2117,1932574
2,1299,1934691
0,1656,1935990
1,1293,1937646
0,1927,1938939
1,1280,1940866
0,2233,1942146
2,1294,1944379
0,2356,1945673
4,1295,1948029
0,2082,1949324
1,1294,1951406
0,2463,1952700
2,1295,1955163
0,2435,1956458
2,1278,1958893
0,1886,1960171
1,1297,1962057
0,2154,1963354
1,1278,1965508
0,1559,1966786
4,1297,1968345
0,1856,1969642
4,1278,1971498
0,1893,1972776
4,1290,1974669
0,1529,1975959
5,1295,1977488
0,2307,1978783
4,1297,1981090
0,2323,1982387
2,1296,1984710
0,2121,1986006
3,1296,1988127
0,2043,1989423
2,1295,1991466
0,1762,1992761
3,1296,1994523
0,1741,1995819
5,1301,1997560
0,2500,1998861
1,1291,2001361
0,2046,2002652
1,1276,2004698
0,2311,2005974
5,1294,2008285
0,1577,2009579
5,1279,2011156
0,1527,2012435
4,1296,2013962
0,2295,2015258
3,1292,2017553
0,2388,2018845
5,1295,2021233
0,2137,2022528
1,1296,2024665
0,1729,2025961
1,1281,2027690
0,1545,2028971
1,1279,2030516
0,2127,2031795
5,1305,2033922
0,1857,2035227
3,1295,2037084
0,2495,2038379
5,1295,2040874
0,2187,2042169
5,1276,2044356
0,2278,2045632
2,1295,2047910
0,2175,2049205
2,1288,2051380
0,1809,2052668
4,1296,2054477
0,2029,2055773
3,1294,2057802
0,2114,2059096
4,1303,2061210
0,2090,2062513
3,1294,2064603
0,2095,2065897
3,1292,2067992
0,1595,2069284
4,1305,2070879
0,2512,2072184
2,1296,2074696
0,2480,2075992
2,1279,2078472
0,2390,2079751
3,1308,2082141
0,1918,2083449
2,1296,2085367
0,1637,2086663
2,1279,2088300
0,2234,2089579
4,1293,2091813
0,2201,2093106
1,1293,2095307
0,2356,2096600
5,1295,2098956
0,2282,2100251
1,1289,2102533
0,1892,2103822
4,1307,2105714
0,2231,2107021
2,1295,2109252
0,1778,2110547
4,1296,2112325
0,1987,2113621
4,1289,2115608
0,1747,2116897
1,1294,2118644
0,2340,2119938
4,1296,2122278
0,2451,2123574
1,1294,2126025
0,1692,2127319
1,1286,2129011
0,1997,2130297
1,1280,2132294
0,2409,2133574
1,1289,2135983
0,1564,2137272
3,1305,2138836
0,2287,2140141
2,1302,2142428
0,1688,2143730
2,1276,2145418
0,1720,2146694
3,1306,2148414
0,2420,2149720
4,1294,2152140
0,1609,2153434
2,1292,2155043
0,1565,2156335
3,1307,2157900
0,1938,2159207
5,1306,2161145
0,2323,2162451
3,1297,2164774
0,2406,2166071
1,1291,2168477
0,1904,2169768
5,1295,2171672
0,2421,2172967
4,1306,2175388
0,2131,2176694
2,1301,2178825
0,2449,2180126
1,1296,2182575
0,2231,2183871
4,1295,2186102
0,2343,2187397
2,1292,2189740
0,2261,2191032
5,1297,2193293
0,1833,2194590
3,1301,2196423
0,2479,2197724
3,1281,2200203
0,1840,2201484
4,1312,2203324
0,1873,2204636
4,1294,2206509
0,1918,2207803
3,1295,2209721
0,2199,2211016
5,1296,2213215
0,1839,2214511
5,1282,2216350
0,2245,2217632
5,1279,2219877
0,1546,2221156
2,1294,2222702
0,2170,2223996
2,1294,2226166
0,1732,2227460
4,1293,2229192
0,2137,2230485
3,1296,2232622
0,2167,2233918
1,1328,2236085
0,1858,2237413
3,1294,2239271
0,1746,2240565
4,1312,2242311
0,2370,2243623
2,1296,2245993
0,2246,2247289
1,1295,2249535
0,2349,2250830
1,1286,2253179
0,2099,2254465
2,1301,2256564
0,2309,2257865
3,1295,2260174
0,1996,2261469
5,1297,2263465
0,1861,2264762
3,1305,2266623
0,2466,2267928
1,1293,2270394
0,2484,2271687
1,1276,2274171
0,2168,2275447
3,1295,2277615
0,2188,2278910
2,1292,2281098
0,2121,2282390
5,1292,2284511
0,1534,2285803
1,1294,2287337
0,2482,2288631
4,1293,2291113
0,1734,2292406
3,1292,2294140
0,1637,2295432
2,1295,2297069
0,1771,2298364
2,1288,2300135
0,1654,2301423
2,1279,2303077
0,1622,2304356
5,1295,2305978
0,1607,2307273
5,1279,2308880
0,1909,2310159
1,1306,2312068
0,1854,2313374
4,1295,2315228
0,2310,2316523
3,1296,2318833
0,2199,2320129
5,1295,2322328
0,1560,2323623
2,1295,2325183
0,1559,2326478
1,1296,2328037
0,2230,2329333
4,1295,2331563
0,2391,2332858
3,1306,2335249
0,1585,2336555
5,1302,2338140
0,2308,2339442
2,1296,2341750
0,2045,2343046
5,1294,2345091
0,2230,2346385
5,1326,2348615
0,1934,2349941
3,1297,2351875
0,2073,2353172
2,1295,2355245
0,2262,2356540
3,1295,2358802
0,2157,2360097
2,1291,2362254
0,1657,2363545
3,1291,2365202
0,1873,2366493
4,1296,2368366
0,2293,2369662
4,1278,2371955
0,1641,2373233
1,1292,2374874
0,2083,2376166
2,1303,2378249
0,2452,2379552
5,1292,2382004
0,1795,2383296
5,1278,2385091
0,2402,2386369
3,1296,2388771
0,2388,2390067
5,1293,2392455
0,2,2393748
91,120026,2393750
0,8704,2513776
4,1301,2522480
0,2030,2523781
2,1293,2525811
0,2450,2527104
5,1294,2529554
0,2355,2530848
2,1296,2533203
0,2107,2534499
5,1294,2536606
0,2435,2537900
4,1294,2540335
0,1715,2541629
4,1279,2543344
0,1575,2544623
3,1296,2546198
0,2168,2547494
5,1296,2549662
0,2324,2550958
3,1294,2553282
0,2263,2554576
3,1280,2556839
0,2481,2558119
5,1293,2560600
0,2375,2561893
2,1291,2564268
0,1969,2565559
2,1293,2567528
0,2294,2568821
5,1293,2571115
0,2423,2572408
3,1306,2574831
0,2106,2576137
1,1295,2578243
0,2403,2579538
3,1294,2581941
0,1718,2583235
5,1294,2584953
0,2276,2586247
5,1280,2588523
0,1796,2589803
4,1294,2591599
0,2167,2592893
1,1296,2595060
0,1919,2596356
2,1295,2598275
0,2229,2599570
2,1280,2601799
0,2407,2603079
5,1292,2605486
0,1903,2606778
3,1295,2608681
0,2198,2609976
5,1295,2612174
0,2122,2613469
3,1295,2615591
0,1840,2616886
3,1281,2618726
0,2216,2620007
5,1294,2622223
0,2233,2623517
1,1292,2625750
0,2183,2627042
3,1296,2629225
0,1950,2630521
1,1295,2632471
0,2326,2633766
2,1294,2636092
0,1749,2637386
2,1277,2639135
0,1889,2640412
3,1293,2642301
0,2075,2643594
2,1297,2645669
0,1906,2646966
3,1291,2648872
0,2168,2650163
5,1296,2652331
0,2229,2653627
3,1296,2655856
0,2344,2657152
1,1291,2659496
0,1580,2660787
1,1292,2662367
0,1671,2663659
2,1292,2665330
0,1812,2666622
1,1292,2668434
0,2054,2669726
1,1285,2671780
0,1654,2673065
4,1296,2674719
0,2370,2676015
5,1293,2678385
0,2085,2679678
5,1286,2681763
0,2063,2683049
3,1306,2685112
0,1842,2686418
3,1279,2688260
0,2003,2689539
1,1305,2691542
0,2401,2692847
1,1280,2695248
0,1949,2696528
5,1297,2698477
0,1903,2699774
4,1296,2701677
0,2324,2702973
5,1293,2705297
0,2444,2706590
1,1301,2709034
0,1766,2710335
5,1292,2712101
0,2106,2713393
3,1295,2715499
0,2121,2716794
5,1293,2718915
0,2048,2720208
2,1293,2722256
0,1967,2723549
3,1294,2725516
0,2479,2726810
4,1296,2729289
0,2208,2730585
4,1288,2732793
0,1855,2734081
3,1296,2735936
0,2061,2737232
1,1293,2739293
0,2075,2740586
4,1294,2742661
0,1934,2743955
5,1295,2745889
0,2252,2747184
2,1306,2749436
0,1966,2750742
2,1278,2752708
0,2277,2753986
4,1297,2756263
0,1935,2757560
4,1278,2759495
0,2449,2760773
4,1280,2763222
0,2215,2764502
1,1294,2766717
0,1903,2768011
3,1296,2769914
0,1967,2771210
1,1293,2773177
0,1736,2774470
5,1291,2776206
0,1529,2777497
5,1279,2779026
0,1590,2780305
4,1296,2781895
0,2011,2783191
2,1295,2785202
0,2075,2786497
1,1297,2788572
0,2184,2789869
3,1294,2792053
0,1559,2793347
1,1296,2794906
0,1659,2796202
1,1289,2797861
0,1950,2799150
5,1296,2801100
0,2123,2802396
3,1293,2804519
0,2376,2805812
1,1306,2808188
0,2420,2809494
1,1278,2811914
0,2029,2813192
1,1278,2815221
0,2074,2816499
1,1279,2818573
0,2278,2819852
5,1295,2822130
0,2421,2823425
5,1293,2825846
0,2012,2827139
2,1295,2829151
0,1609,2830446
3,1293,2832055
0,2089,2833348
4,1296,2835437
0,1593,2836733
4,1278,2838326
0,2030,2839604
1,1293,2841634
0,2448,2842927
3,1296,2845375
0,1950,2846671
5,1295,2848621
0,2168,2849916
3,1295,2852084
0,2344,2853379
3,1290,2855723
0,2062,2857013
4,1293,2859075
0,1879,2860368
2,1305,2862247
0,2089,2863552
5,1296,2865641
0,1918,2866937
1,1296,2868855
0,1955,2870151
2,1304,2872106
0,1902,2873410
5,1296,2875312
0,1920,2876608
2,1295,2878528
0,1872,2879823
1,1295,2881695
0,1765,2882990
1,1276,2884755
0,1940,2886031
2,1305,2887971
0,1811,2889276
3,1294,2891087
0,1631,2892381
3,1286,2894012
0,2215,2895298
2,1295,2897513
0,2297,2898808
1,1292,2901105
0,1902,2902397
1,1280,2904299
0,1733,2905579
1,1277,2907312
0,1704,2908589
1,1277,2910293
0,1777,2911570
1,1281,2913347
0,1659,2914628
3,1305,2916287
0,2403,2917592
5,1294,2919995
0,1731,2921289
3,1295,2923020
0,1887,2924315
3,1281,2926202
0,1777,2927483
1,1296,2929260
0,1949,2930556
1,1280,2932505
0,1531,2933785
5,1293,2935316
0,1944,2936609
5,1286,2938553
0,2280,2939839
1,1293,2942119
0,2193,2943412
4,1300,2945605
0,2153,2946905
3,1296,2949058
0,1731,2950354
4,1295,2952085
0,1731,2953380
2,1295,2955111
0,2404,2956406
5,1294,2958810
0,1902,2960104
2,1297,2962006
0,2119,2963303
5,1296,2965422
0,2420,2966718
3,1294,2969138
0,1845,2970432
5,1306,2972277
0,1953,2973583
5,1291,2975536
0,1546,2976827
3,1293,2978373
0,2239,2979666
1,1304,2981905
0,1848,2983209
1,1287,2985057
0,1828,2986344
3,1293,2988172
0,2057,2989465
1,1296,2991522
0,2065,2992818
2,1307,2994883
0,1753,2996190
2,1288,2997943
0,1677,2999231
5,1303,3000908
0,2449,3002211
5,1280,3004660
0,2231,3005940
1,1294,3008171
0,1873,3009465
1,1279,3011338
0,1513,3012617
2,1296,3014130
0,2216,3015426
4,1294,3017642
0,2061,3018936
3,1292,3020997
0,1799,3022289
3,1290,3024088
0,2265,3025378
4,1292,3027643
0,2090,3028935
4,1279,3031025
0,2154,3032304
1,1294,3034458
0,2012,3035752
2,1297,3037764
0,1604,3039061
1,1297,3040665
0,1711,3041962
4,1299,3043673
0,1936,3044972
4,1279,3046908
0,1763,3048187
1,1294,3049950
0,2042,3051244
2,1297,3053286
0,2450,3054583
5,1293,3057033
0,1904,3058326
1,1294,3060230
0,2184,3061524
5,1296,3063708
0,2479,3065004
1,1296,3067483
0,1972,3068779
3,1304,3070751
0,2193,3072055
4,1297,3074248
0,2158,3075545
4,1281,3077703
0,1885,3078984
3,1294,3080869
0,1624,3082163
1,1294,3083787
0,2491,3085081
2,1301,3087572
0,2107,3088873
5,1295,3090980
0,1699,3092275
1,1296,3093974
0,1861,3095270
5,1306,3097131
0,1902,3098437
2,1295,3100339
0,1656,3101634
2,1277,3103290
0,1888,3104567
1,1312,3106455
0,1947,3107767
1,1282,3109714
0,2119,3110996
1,1280,3113115
0,2077,3114395
4,1294,3116472
0,1746,3117766
3,1296,3119512
0,2078,3120808
1,1290,3122886
0,1999,3124176
4,1294,3126175
0,1735,3127469
5,1292,3129204
0,2480,3130496
5,1280,3132976
0,2012,3134256
2,1295,3136268
0,2265,3137563
2,1293,3139828
0,2469,3141121
4,1290,3143590
0,4988,3144880
2,1295,3149868
0,2376,3151163
5,1294,3153539
0,2199,3154833
4,1296,3157032
0,1732,3158328
3,1294,3160060
0,2323,3161354
3,1280,3163677
0,2499,3164957
1,1294,3167456
0,1833,3168750
3,1301,3170583
0,1583,3171884
4,1303,3173467
0,2062,3174770
3,1293,3176832
0,2339,3178125
5,1297,3180464
0,2293,3181761
2,1294,3184054
0,1965,3185348
4,1296,3187313
0,1627,3188609
1,1294,3190236
0,1773,3191530
3,1297,3193303
0,2479,3194600
4,1296,3197079
0,1824,3198375
2,1296,3200199
0,2357,3201495
5,1295,3203852
0,2151,3205147
2,1295,3207298
0,1593,3208593
5,1293,3210186
0,2093,3211479
5,1278,3213572
0,1574,3214850
3,1296,3216424
0,1794,3217720
5,1310,3219514
0,1701,3220824
3,1294,3222525
0,1903,3223819
5,1297,3225722
0,2186,3227019
2,1293,3229205
0,1825,3230498
1,1294,3232323
0,2185,3233617
3,1294,3235802
0,1693,3237096
1,1302,3238789
0,1986,3240091
5,1292,3242077
0,2064,3243369
1,1303,3245433
0,1562,3246736
5,1294,3248298
0,1965,3249592
2,1296,3251557
0,2301,3252853
2,1287,3255154
0,2044,3256441
4,1293,3258485
0,2389,3259778
2,1295,3262167
0,2154,3263462
5,1293,3265616
0,1575,3266909
3,1295,3268484
0,1918,3269779
2,1296,3271697
0,1778,3272993
4,1296,3274771
0,2497,3276067
1,1294,3278564
0,2293,3279858
1,1280,3282151
0,2495,3283431
5,1296,3285926
0,1935,3287222
4,1294,3289157
0,2012,3290451
5,1311,3292463
0,1872,3293774
1,1296,3295646
0,2109,3296942
5,1290,3299051
0,1703,3300341
3,1293,3302044
0,2263,3303337
1,1310,3305600
0,2458,3306910
4,1302,3309368
0,2060,3310670
1,1294,3312730
0,2016,3314024
3,1307,3316040
0,2495,3317347
5,1295,3319842
0,2466,3321137
4,1295,3323603
0,1919,3324898
5,1294,3326817
0,1984,3328111
2,1293,3330095
0,1902,3331388
4,1295,3333290
0,2063,3334585
4,1291,3336648
0,2498,3337939
5,1295,3340437
0,2041,3341732
5,1281,3343773
0,1624,3345054
1,1293,3346678
0,1816,3347971
3,1303,3349787
0,2045,3351090
5,1296,3353135
0,2050,3354431
3,1303,3356481
0,2046,3357784
4,1293,3359830
0,1526,3361123
5,1296,3362649
0,1654,3363945
3,1295,3365599
0,1762,3366894
2,1297,3368656
0,2168,3369953
1,1294,3372121
0,1781,3373415
1,1293,3375196
0,1700,3376489
2,1295,3378189
0,2394,3379484
3,1305,3381878
0,1921,3383183
1,1292,3385104
0,2479,3386396
3,1296,3388875
0,2356,3390171
4,1295,3392527
0,1887,3393822
5,1295,3395709
0,2294,3397004
3,1295,3399298
0,2325,3400593
5,1296,3402918
0,1932,3404214
2,1295,3406146
0,2109,3407441
5,1292,3409550
0,2215,3410842
2,1296,3413057
0,2245,3414353
5,1295,3416598
0,2047,3417893
3,1292,3419940
0,1825,3421232
1,1295,3423057
0,1684,3424352
1,1280,3426036
0,1978,3427316
1,1284,3429294
0,2426,3430578
4,1302,3433004
0,1512,3434306
1,1294,3435818
0,1721,3437112
3,1309,3438833
0,1640,3440142
1,1292,3441782
0,2229,3443074
2,1296,3445303
0,2293,3446599
3,1295,3448892
0,1949,3450187
1,1296,3452136
0,1561,3453432
1,1278,3454993
0,2107,3456271
2,1294,3458378
0,2348,3459672
5,1296,3462020
0,2475,3463316
3,1292,3465791
0,1733,3467083
2,1294,3468816
0,2046,3470110
4,1292,3472156
0,1855,3473448
3,1296,3475303
0,2152,3476599
5,1295,3478751
0,1675,3480046
4,1306,3481721
0,2090,3483027
3,1295,3485117
0,2389,3486412
2,1292,3488801
0,1690,3490093
4,1306,3491783
0,2138,3493089
2,1295,3495227
0,2311,3496522
5,1293,3498833
0,2479,3500126
1,1295,3502605
0,1747,3503900
1,1281,3505647
0,2119,3506928
1,1282,3509047
0,1919,3510329
5,1293,3512248
0,2060,3513541
2,1295,3515601
0,1720,3516896
3,1290,3518616
0,2469,3519906
1,1293,3522375
0,1980,3523668
5,1295,3525648
0,1544,3526943
4,1295,3528487
0,2481,3529782
2,1294,3532263
0,1647,3533557
4,1302,3535204
0,2423,3536506
4,1292,3538929
0,2402,3540221
1,1295,3542623
0,2262,3543918
2,1293,3546180
0,1944,3547473
1,1302,3549417
0,2332,3550719
4,1303,3553051
0,2250,3554354
5,1292,3556604
0,1577,3557896
5,1277,3559473
0,2018,3560750
4,1305,3562768
0,2252,3564073
5,1305,3566325
0,1670,3567630
3,1295,3569300
0,2122,3570595
5,1293,3572717
0,2341,3574010
5,1281,3576351
0,2,3577632
92,1026,3577634
0,6340,3578660
