Value,First Occurrence Position
0,"(0, 0)"
99,"(148576, 0)"
0,"(149605, 0)"
99,"(153618, 0)"
0,"(154643, 0)"
99,"(157657, 0)"
0,"(158685, 0)"
99,"(160696, 0)"
0,"(161728, 0)"
99,"(162740, 0)"
0,"(163770, 0)"
1,"(166189, 0)"
0,"(169014, 0)"
4,"(171430, 0)"
0,"(172726, 0)"
2,"(174335, 0)"
0,"(175628, 0)"
5,"(177686, 0)"
0,"(178982, 0)"
1,"(181447, 0)"
0,"(182741, 0)"
5,"(185221, 0)"
0,"(186517, 0)"
5,"(188514, 0)"
0,"(189793, 0)"
3,"(191446, 0)"
0,"(192742, 0)"
4,"(195160, 0)"
0,"(196455, 0)"
4,"(198925, 0)"
0,"(200215, 0)"
5,"(201757, 0)"
0,"(203053, 0)"
4,"(205488, 0)"
0,"(206781, 0)"
4,"(209047, 0)"
0,"(210323, 0)"
4,"(212225, 0)"
0,"(213506, 0)"
4,"(215190, 0)"
0,"(216470, 0)"
2,"(218014, 0)"
0,"(219309, 0)"
1,"(220868, 0)"
0,"(222164, 0)"
4,"(224498, 0)"
0,"(225800, 0)"
5,"(227624, 0)"
0,"(228920, 0)"
3,"(230463, 0)"
0,"(231759, 0)"
4,"(233651, 0)"
0,"(234941, 0)"
1,"(237251, 0)"
0,"(238545, 0)"
3,"(240541, 0)"
0,"(241837, 0)"
4,"(243990, 0)"
0,"(245285, 0)"
2,"(247549, 0)"
0,"(248842, 0)"
4,"(251031, 0)"
0,"(252337, 0)"
1,"(254009, 0)"
0,"(255302, 0)"
5,"(257312, 0)"
0,"(258608, 0)"
3,"(260452, 0)"
0,"(261759, 0)"
4,"(263493, 0)"
0,"(264786, 0)"
3,"(266549, 0)"
0,"(267844, 0)"
5,"(270047, 0)"
0,"(271353, 0)"
3,"(273822, 0)"
0,"(275114, 0)"
1,"(276771, 0)"
0,"(278062, 0)"
5,"(279829, 0)"
0,"(281135, 0)"
5,"(282904, 0)"
0,"(284194, 0)"
5,"(285943, 0)"
0,"(287235, 0)"
1,"(289096, 0)"
0,"(290402, 0)"
4,"(292165, 0)"
0,"(293462, 0)"
2,"(295447, 0)"
0,"(296752, 0)"
3,"(299091, 0)"
0,"(300387, 0)"
5,"(302449, 0)"
0,"(303740, 0)"
4,"(305538, 0)"
0,"(306846, 0)"
2,"(309110, 0)"
0,"(310418, 0)"
1,"(312496, 0)"
0,"(313787, 0)"
3,"(315350, 0)"
0,"(316644, 0)"
5,"(318936, 0)"
0,"(320231, 0)"
3,"(321870, 0)"
0,"(323163, 0)"
1,"(325146, 0)"
0,"(326440, 0)"
1,"(328281, 0)"
0,"(329560, 0)"
2,"(331874, 0)"
0,"(333180, 0)"
1,"(335227, 0)"
0,"(336518, 0)"
2,"(338629, 0)"
0,"(339919, 0)"
4,"(342086, 0)"
0,"(343383, 0)"
3,"(345644, 0)"
0,"(346941, 0)"
2,"(348530, 0)"
0,"(349827, 0)"
1,"(352242, 0)"
0,"(353539, 0)"
3,"(355878, 0)"
0,"(357174, 0)"
1,"(359685, 0)"
0,"(360981, 0)"
1,"(362931, 0)"
0,"(364209, 0)"
1,"(366685, 0)"
0,"(367970, 0)"
5,"(370248, 0)"
0,"(371542, 0)"
1,"(373923, 0)"
0,"(375224, 0)"
2,"(377129, 0)"
0,"(378423, 0)"
3,"(380735, 0)"
0,"(382041, 0)"
1,"(384459, 0)"
0,"(385753, 0)"
1,"(387532, 0)"
0,"(388812, 0)"
5,"(390449, 0)"
0,"(391745, 0)"
3,"(393836, 0)"
0,"(395131, 0)"
5,"(396786, 0)"
0,"(398079, 0)"
2,"(400217, 0)"
0,"(401513, 0)"
3,"(403539, 0)"
0,"(404835, 0)"
2,"(406409, 0)"
0,"(407705, 0)"
1,"(409345, 0)"
0,"(410637, 0)"
3,"(412385, 0)"
0,"(413680, 0)"
5,"(415242, 0)"
0,"(416535, 0)"
3,"(418988, 0)"
0,"(420294, 0)"
2,"(422292, 0)"
0,"(423586, 0)"
2,"(425991, 0)"
0,"(427268, 0)"
4,"(428891, 0)"
0,"(430185, 0)"
2,"(432088, 0)"
0,"(433385, 0)"
1,"(435301, 0)"
0,"(436597, 0)"
5,"(438238, 0)"
0,"(439531, 0)"
3,"(441996, 0)"
0,"(443290, 0)"
2,"(444850, 0)"
0,"(446146, 0)"
5,"(448005, 0)"
0,"(449297, 0)"
1,"(450825, 0)"
0,"(452120, 0)"
4,"(453795, 0)"
0,"(455100, 0)"
4,"(457352, 0)"
0,"(458641, 0)"
3,"(460607, 0)"
0,"(461902, 0)"
4,"(463711, 0)"
0,"(465005, 0)"
4,"(466711, 0)"
0,"(467991, 0)"
2,"(469670, 0)"
0,"(470965, 0)"
4,"(473102, 0)"
0,"(474399, 0)"
5,"(475993, 0)"
0,"(477285, 0)"
3,"(479560, 0)"
0,"(480856, 0)"
3,"(482808, 0)"
0,"(484086, 0)"
3,"(485896, 0)"
0,"(487174, 0)"
5,"(489198, 0)"
0,"(490499, 0)"
4,"(492806, 0)"
0,"(494103, 0)"
5,"(495992, 0)"
0,"(497285, 0)"
2,"(499329, 0)"
0,"(500623, 0)"
5,"(503072, 0)"
0,"(504367, 0)"
4,"(506425, 0)"
0,"(507719, 0)"
2,"(509812, 0)"
0,"(511108, 0)"
3,"(512917, 0)"
0,"(514210, 0)"
5,"(515943, 0)"
0,"(517238, 0)"
2,"(518945, 0)"
0,"(520248, 0)"
2,"(521936, 0)"
0,"(523213, 0)"
2,"(525162, 0)"
0,"(526443, 0)"
3,"(528876, 0)"
0,"(530170, 0)"
5,"(531857, 0)"
0,"(533151, 0)"
3,"(535630, 0)"
0,"(536926, 0)"
2,"(538548, 0)"
0,"(539843, 0)"
3,"(541763, 0)"
0,"(543058, 0)"
4,"(544829, 0)"
0,"(546131, 0)"
2,"(548345, 0)"
0,"(549642, 0)"
2,"(551262, 0)"
0,"(552543, 0)"
3,"(554368, 0)"
0,"(555662, 0)"
1,"(557675, 0)"
0,"(558971, 0)"
5,"(560733, 0)"
0,"(562028, 0)"
5,"(563580, 0)"
0,"(564867, 0)"
3,"(567098, 0)"
0,"(568393, 0)"
2,"(570483, 0)"
0,"(571779, 0)"
5,"(573744, 0)"
0,"(575039, 0)"
3,"(577098, 0)"
0,"(578394, 0)"
3,"(580124, 0)"
0,"(581404, 0)"
4,"(583542, 0)"
0,"(584837, 0)"
2,"(586742, 0)"
0,"(588036, 0)"
1,"(590536, 0)"
0,"(591841, 0)"
5,"(594230, 0)"
0,"(595523, 0)"
1,"(597831, 0)"
0,"(599127, 0)"
2,"(600888, 0)"
0,"(602184, 0)"
1,"(604374, 0)"
0,"(605679, 0)"
1,"(607912, 0)"
0,"(609205, 0)"
3,"(611375, 0)"
0,"(612668, 0)"
4,"(614960, 0)"
0,"(616256, 0)"
5,"(618674, 0)"
0,"(619969, 0)"
4,"(621809, 0)"
0,"(623106, 0)"
1,"(624809, 0)"
0,"(626116, 0)"
3,"(628363, 0)"
0,"(629658, 0)"
5,"(631638, 0)"
0,"(632934, 0)"
4,"(635055, 0)"
0,"(636349, 0)"
5,"(638723, 0)"
0,"(640016, 0)"
1,"(642106, 0)"
0,"(643401, 0)"
5,"(645149, 0)"
0,"(646443, 0)"
3,"(647987, 0)"
0,"(649284, 0)"
5,"(650952, 0)"
0,"(652248, 0)"
3,"(654472, 0)"
0,"(655773, 0)"
1,"(657754, 0)"
0,"(659049, 0)"
1,"(661233, 0)"
0,"(662512, 0)"
3,"(664087, 0)"
0,"(665383, 0)"
5,"(666993, 0)"
0,"(668286, 0)"
4,"(670610, 0)"
0,"(671903, 0)"
4,"(673559, 0)"
0,"(674837, 0)"
5,"(676867, 0)"
0,"(678160, 0)"
5,"(680312, 0)"
0,"(681592, 0)"
3,"(683559, 0)"
0,"(684852, 0)"
1,"(687197, 0)"
0,"(688489, 0)"
1,"(690125, 0)"
0,"(691405, 0)"
5,"(693307, 0)"
0,"(694603, 0)"
1,"(696916, 0)"
0,"(698223, 0)"
3,"(700129, 0)"
0,"(701436, 0)"
4,"(703356, 0)"
0,"(704650, 0)"
2,"(706790, 0)"
0,"(708084, 0)"
1,"(710025, 0)"
0,"(711327, 0)"
1,"(713822, 0)"
0,"(715102, 0)"
2,"(716728, 0)"
0,"(718021, 0)"
3,"(719722, 0)"
0,"(721015, 0)"
5,"(722859, 0)"
0,"(724151, 0)"
1,"(726584, 0)"
0,"(727880, 0)"
2,"(730128, 0)"
0,"(731437, 0)"
3,"(733372, 0)"
0,"(734667, 0)"
3,"(737115, 0)"
0,"(738395, 0)"
2,"(740891, 0)"
0,"(742186, 0)"
4,"(744400, 0)"
0,"(745695, 0)"
4,"(747742, 0)"
0,"(749019, 0)"
1,"(751198, 0)"
0,"(752498, 0)"
5,"(754137, 0)"
0,"(755430, 0)"
1,"(757116, 0)"
0,"(758411, 0)"
5,"(760485, 0)"
0,"(761780, 0)"
1,"(763969, 0)"
0,"(765274, 0)"
3,"(767149, 0)"
0,"(768442, 0)"
1,"(770943, 0)"
0,"(772249, 0)"
4,"(774625, 0)"
0,"(775931, 0)"
1,"(777818, 0)"
0,"(779114, 0)"
3,"(781048, 0)"
0,"(782342, 0)"
3,"(783964, 0)"
0,"(785244, 0)"
2,"(786975, 0)"
0,"(788271, 0)"
2,"(790363, 0)"
0,"(791640, 0)"
4,"(793441, 0)"
0,"(794744, 0)"
5,"(796523, 0)"
0,"(797834, 0)"
4,"(800330, 0)"
0,"(801625, 0)"
3,"(803481, 0)"
0,"(804777, 0)"
5,"(806398, 0)"
0,"(807694, 0)"
5,"(810085, 0)"
0,"(811376, 0)"
3,"(813147, 0)"
0,"(814448, 0)"
3,"(815983, 0)"
0,"(817273, 0)"
1,"(819098, 0)"
0,"(820393, 0)"
3,"(822076, 0)"
0,"(823372, 0)"
3,"(824979, 0)"
0,"(826259, 0)"
4,"(828240, 0)"
0,"(829534, 0)"
4,"(831736, 0)"
0,"(833013, 0)"
1,"(834558, 0)"
0,"(835853, 0)"
3,"(837677, 0)"
0,"(838973, 0)"
3,"(841140, 0)"
0,"(842421, 0)"
4,"(844748, 0)"
0,"(846040, 0)"
3,"(848521, 0)"
0,"(849815, 0)"
1,"(851660, 0)"
0,"(852966, 0)"
4,"(855090, 0)"
0,"(856399, 0)"
1,"(858335, 0)"
0,"(859629, 0)"
1,"(861409, 0)"
0,"(862688, 0)"
3,"(864480, 0)"
0,"(865775, 0)"
3,"(867803, 0)"
0,"(869080, 0)"
3,"(871467, 0)"
0,"(872746, 0)"
4,"(875198, 0)"
0,"(876494, 0)"
2,"(878963, 0)"
0,"(880255, 0)"
2,"(882436, 0)"
0,"(883718, 0)"
4,"(885899, 0)"
0,"(887195, 0)"
2,"(888775, 0)"
0,"(890066, 0)"
4,"(891796, 0)"
0,"(893108, 0)"
2,"(895463, 0)"
0,"(896758, 0)"
4,"(899051, 0)"
0,"(900346, 0)"
4,"(901864, 0)"
0,"(903155, 0)"
5,"(905045, 0)"
0,"(906337, 0)"
3,"(907853, 0)"
0,"(909146, 0)"
3,"(911080, 0)"
0,"(912359, 0)"
2,"(914637, 0)"
0,"(915932, 0)"
3,"(918227, 0)"
0,"(919521, 0)"
1,"(921067, 0)"
0,"(922374, 0)"
3,"(924605, 0)"
0,"(925901, 0)"
2,"(927553, 0)"
0,"(928850, 0)"
1,"(930970, 0)"
0,"(932266, 0)"
2,"(934513, 0)"
0,"(935807, 0)"
2,"(938224, 0)"
0,"(939505, 0)"
1,"(941781, 0)"
0,"(943077, 0)"
1,"(944873, 0)"
0,"(946151, 0)"
4,"(948240, 0)"
0,"(949536, 0)"
3,"(951594, 0)"
0,"(952889, 0)"
4,"(955042, 0)"
0,"(956338, 0)"
4,"(958529, 0)"
0,"(959817, 0)"
2,"(962267, 0)"
0,"(963562, 0)"
2,"(965781, 0)"
0,"(967072, 0)"
4,"(968695, 0)"
0,"(969988, 0)"
3,"(971962, 0)"
0,"(973265, 0)"
4,"(975432, 0)"
0,"(976728, 0)"
4,"(978589, 0)"
0,"(979880, 0)"
5,"(981800, 0)"
0,"(983093, 0)"
2,"(985433, 0)"
0,"(986728, 0)"
3,"(988849, 0)"
0,"(990144, 0)"
5,"(992198, 0)"
0,"(993499, 0)"
2,"(995276, 0)"
0,"(996573, 0)"
5,"(998204, 0)"
0,"(999505, 0)"
3,"(1001663, 0)"
0,"(1002969, 0)"
3,"(1005122, 0)"
0,"(1006400, 0)"
3,"(1008553, 0)"
0,"(1009834, 0)"
3,"(1012068, 0)"
0,"(1013343, 0)"
2,"(1015844, 0)"
0,"(1017135, 0)"
1,"(1018741, 0)"
0,"(1020035, 0)"
3,"(1021611, 0)"
0,"(1022907, 0)"
2,"(1024868, 0)"
0,"(1026167, 0)"
4,"(1028444, 0)"
0,"(1029740, 0)"
5,"(1032019, 0)"
0,"(1033313, 0)"
1,"(1035797, 0)"
0,"(1037104, 0)"
4,"(1038762, 0)"
0,"(1040052, 0)"
3,"(1041660, 0)"
0,"(1042954, 0)"
5,"(1044997, 0)"
0,"(1046292, 0)"
2,"(1048291, 0)"
0,"(1049585, 0)"
4,"(1051767, 0)"
0,"(1053062, 0)"
2,"(1055096, 0)"
0,"(1056402, 0)"
3,"(1058063, 0)"
0,"(1059366, 0)"
1,"(1061128, 0)"
0,"(1062424, 0)"
2,"(1064686, 0)"
0,"(1065980, 0)"
4,"(1067925, 0)"
0,"(1069220, 0)"
4,"(1071097, 0)"
0,"(1072378, 0)"
4,"(1074285, 0)"
0,"(1075576, 0)"
3,"(1077792, 0)"
0,"(1079085, 0)"
2,"(1080616, 0)"
0,"(1081909, 0)"
2,"(1083843, 0)"
0,"(1085123, 0)"
5,"(1086826, 0)"
0,"(1088118, 0)"
5,"(1090059, 0)"
0,"(1091347, 0)"
4,"(1093249, 0)"
0,"(1094545, 0)"
5,"(1096449, 0)"
0,"(1097743, 0)"
2,"(1100008, 0)"
0,"(1101301, 0)"
4,"(1103038, 0)"
0,"(1104343, 0)"
2,"(1106812, 0)"
0,"(1108118, 0)"
3,"(1110301, 0)"
0,"(1111597, 0)"
4,"(1113938, 0)"
0,"(1115232, 0)"
5,"(1116902, 0)"
0,"(1118197, 0)"
3,"(1120694, 0)"
0,"(1121987, 0)"
3,"(1124374, 0)"
0,"(1125653, 0)"
1,"(1127328, 0)"
0,"(1128618, 0)"
4,"(1130536, 0)"
0,"(1131831, 0)"
4,"(1134170, 0)"
0,"(1135450, 0)"
3,"(1137280, 0)"
0,"(1138570, 0)"
1,"(1140164, 0)"
0,"(1141473, 0)"
4,"(1143120, 0)"
0,"(1144421, 0)"
1,"(1146418, 0)"
0,"(1147713, 0)"
1,"(1149709, 0)"
0,"(1150989, 0)"
5,"(1152554, 0)"
0,"(1153859, 0)"
5,"(1155933, 0)"
0,"(1157213, 0)"
3,"(1159417, 0)"
0,"(1160724, 0)"
5,"(1163050, 0)"
0,"(1164343, 0)"
1,"(1166842, 0)"
0,"(1168135, 0)"
4,"(1170510, 0)"
0,"(1171817, 0)"
3,"(1174319, 0)"
0,"(1175623, 0)"
5,"(1177607, 0)"
0,"(1178899, 0)"
3,"(1180630, 0)"
0,"(1181941, 0)"
3,"(1184345, 0)"
0,"(1185623, 0)"
4,"(1187978, 0)"
0,"(1189274, 0)"
2,"(1191368, 0)"
0,"(1192675, 0)"
1,"(1194853, 0)"
0,"(1196153, 0)"
4,"(1198290, 0)"
0,"(1199586, 0)"
5,"(1201819, 0)"
0,"(1203111, 0)"
4,"(1205607, 0)"
0,"(1206903, 0)"
5,"(1208996, 0)"
0,"(1210288, 0)"
1,"(1212380, 0)"
0,"(1213674, 0)"
5,"(1215295, 0)"
0,"(1216590, 0)"
5,"(1218587, 0)"
0,"(1219867, 0)"
3,"(1221586, 0)"
0,"(1222878, 0)"
91,"(1222880, 0)"
0,"(1342906, 0)"
1,"(1345047, 0)"
0,"(1346341, 0)"
2,"(1348465, 0)"
0,"(1349759, 0)"
3,"(1351319, 0)"
0,"(1352613, 0)"
1,"(1354316, 0)"
0,"(1355608, 0)"
1,"(1357324, 0)"
0,"(1358605, 0)"
1,"(1360308, 0)"
0,"(1361584, 0)"
2,"(1363722, 0)"
0,"(1365016, 0)"
4,"(1367064, 0)"
0,"(1368355, 0)"
3,"(1370367, 0)"
0,"(1371662, 0)"
1,"(1373622, 0)"
0,"(1374923, 0)"
5,"(1376920, 0)"
0,"(1378215, 0)"
2,"(1380601, 0)"
0,"(1381895, 0)"
3,"(1383616, 0)"
0,"(1384907, 0)"
3,"(1387059, 0)"
0,"(1388339, 0)"
5,"(1390056, 0)"
0,"(1391350, 0)"
1,"(1392943, 0)"
0,"(1394236, 0)"
1,"(1395892, 0)"
0,"(1397170, 0)"
3,"(1399292, 0)"
0,"(1400586, 0)"
5,"(1402150, 0)"
0,"(1403457, 0)"
4,"(1405698, 0)"
0,"(1406998, 0)"
5,"(1408574, 0)"
0,"(1409867, 0)"
5,"(1412316, 0)"
0,"(1413598, 0)"
4,"(1415969, 0)"
0,"(1417263, 0)"
1,"(1419290, 0)"
0,"(1420602, 0)"
1,"(1422510, 0)"
0,"(1423799, 0)"
5,"(1425344, 0)"
0,"(1426641, 0)"
2,"(1428450, 0)"
0,"(1429744, 0)"
3,"(1431587, 0)"
0,"(1432880, 0)"
1,"(1435041, 0)"
0,"(1436343, 0)"
3,"(1438698, 0)"
0,"(1439993, 0)"
2,"(1442359, 0)"
0,"(1443660, 0)"
1,"(1445609, 0)"
0,"(1446905, 0)"
4,"(1448592, 0)"
0,"(1449884, 0)"
5,"(1451724, 0)"
0,"(1453020, 0)"
5,"(1454652, 0)"
0,"(1455938, 0)"
4,"(1457984, 0)"
0,"(1459276, 0)"
2,"(1461788, 0)"
0,"(1463082, 0)"
3,"(1465004, 0)"
0,"(1466297, 0)"
5,"(1468573, 0)"
0,"(1469870, 0)"
1,"(1471476, 0)"
0,"(1472771, 0)"
1,"(1474643, 0)"
0,"(1475922, 0)"
2,"(1477953, 0)"
0,"(1479245, 0)"
2,"(1480934, 0)"
0,"(1482209, 0)"
4,"(1484627, 0)"
0,"(1485923, 0)"
5,"(1487906, 0)"
0,"(1489200, 0)"
3,"(1494350, 0)"
0,"(1495641, 0)"
3,"(1497328, 0)"
0,"(1498606, 0)"
1,"(1500414, 0)"
0,"(1501710, 0)"
5,"(1503426, 0)"
0,"(1504722, 0)"
2,"(1506303, 0)"
0,"(1507607, 0)"
3,"(1509168, 0)"
0,"(1510462, 0)"
5,"(1511994, 0)"
0,"(1513288, 0)"
1,"(1514991, 0)"
0,"(1516297, 0)"
3,"(1518107, 0)"
0,"(1519402, 0)"
5,"(1521009, 0)"
0,"(1522304, 0)"
2,"(1524146, 0)"
0,"(1525439, 0)"
2,"(1527015, 0)"
0,"(1528294, 0)"
3,"(1529854, 0)"
0,"(1531150, 0)"
4,"(1533423, 0)"
0,"(1534722, 0)"
1,"(1536313, 0)"
0,"(1537608, 0)"
5,"(1539887, 0)"
0,"(1541181, 0)"
1,"(1543223, 0)"
0,"(1544520, 0)"
2,"(1546858, 0)"
0,"(1548154, 0)"
4,"(1549948, 0)"
0,"(1551242, 0)"
1,"(1552765, 0)"
0,"(1554067, 0)"
4,"(1556235, 0)"
0,"(1557530, 0)"
4,"(1559568, 0)"
0,"(1560853, 0)"
4,"(1563068, 0)"
0,"(1564349, 0)"
4,"(1566145, 0)"
0,"(1567436, 0)"
2,"(1569497, 0)"
0,"(1570790, 0)"
4,"(1572366, 0)"
0,"(1573661, 0)"
4,"(1575501, 0)"
0,"(1576781, 0)"
1,"(1579033, 0)"
0,"(1580339, 0)"
3,"(1581976, 0)"
0,"(1583271, 0)"
5,"(1585269, 0)"
0,"(1586563, 0)"
4,"(1588875, 0)"
0,"(1590182, 0)"
1,"(1591747, 0)"
0,"(1593054, 0)"
4,"(1594654, 0)"
0,"(1595955, 0)"
4,"(1598409, 0)"
0,"(1599699, 0)"
4,"(1601336, 0)"
0,"(1602617, 0)"
1,"(1604240, 0)"
0,"(1605535, 0)"
2,"(1607685, 0)"
0,"(1608982, 0)"
4,"(1611149, 0)"
0,"(1612445, 0)"
4,"(1614537, 0)"
0,"(1615815, 0)"
4,"(1617561, 0)"
0,"(1618841, 0)"
5,"(1621323, 0)"
0,"(1622617, 0)"
2,"(1624215, 0)"
0,"(1625518, 0)"
4,"(1627389, 0)"
0,"(1628686, 0)"
4,"(1630793, 0)"
0,"(1632072, 0)"
2,"(1633944, 0)"
0,"(1635239, 0)"
4,"(1636836, 0)"
0,"(1638139, 0)"
2,"(1639855, 0)"
0,"(1641151, 0)"
2,"(1643209, 0)"
0,"(1644489, 0)"
3,"(1646642, 0)"
0,"(1647936, 0)"
4,"(1649593, 0)"
0,"(1650901, 0)"
2,"(1652510, 0)"
0,"(1653803, 0)"
3,"(1655549, 0)"
0,"(1656844, 0)"
3,"(1658455, 0)"
0,"(1659746, 0)"
1,"(1661358, 0)"
0,"(1662665, 0)"
2,"(1664956, 0)"
0,"(1666252, 0)"
5,"(1668359, 0)"
0,"(1669652, 0)"
4,"(1671593, 0)"
0,"(1672898, 0)"
3,"(1675168, 0)"
0,"(1676470, 0)"
1,"(1678639, 0)"
0,"(1679935, 0)"
1,"(1682383, 0)"
0,"(1683663, 0)"
4,"(1685440, 0)"
0,"(1686736, 0)"
4,"(1688732, 0)"
0,"(1690013, 0)"
2,"(1691919, 0)"
0,"(1693226, 0)"
4,"(1694773, 0)"
0,"(1696065, 0)"
3,"(1698004, 0)"
0,"(1699294, 0)"
1,"(1701417, 0)"
0,"(1702712, 0)"
4,"(1704535, 0)"
0,"(1705831, 0)"
1,"(1708033, 0)"
0,"(1709326, 0)"
1,"(1710966, 0)"
0,"(1712244, 0)"
3,"(1713763, 0)"
0,"(1715067, 0)"
4,"(1717235, 0)"
0,"(1718530, 0)"
1,"(1720575, 0)"
0,"(1721870, 0)"
1,"(1724008, 0)"
0,"(1725285, 0)"
1,"(1726923, 0)"
0,"(1728202, 0)"
1,"(1729856, 0)"
0,"(1731136, 0)"
2,"(1732843, 0)"
0,"(1734147, 0)"
2,"(1735971, 0)"
0,"(1737252, 0)"
5,"(1739014, 0)"
0,"(1740309, 0)"
3,"(1742523, 0)"
0,"(1743819, 0)"
2,"(1745504, 0)"
0,"(1746798, 0)"
5,"(1748390, 0)"
0,"(1749685, 0)"
3,"(1751901, 0)"
0,"(1753194, 0)"
1,"(1755020, 0)"
0,"(1756315, 0)"
5,"(1758457, 0)"
0,"(1759762, 0)"
2,"(1761447, 0)"
0,"(1762743, 0)"
1,"(1764647, 0)"
0,"(1765941, 0)"
3,"(1768140, 0)"
0,"(1769437, 0)"
3,"(1771932, 0)"
0,"(1773212, 0)"
1,"(1775334, 0)"
0,"(1776627, 0)"
1,"(1778518, 0)"
0,"(1779795, 0)"
5,"(1782061, 0)"
0,"(1783352, 0)"
4,"(1785209, 0)"
0,"(1786502, 0)"
3,"(1788316, 0)"
0,"(1789609, 0)"
3,"(1791949, 0)"
0,"(1793227, 0)"
2,"(1795066, 0)"
0,"(1796362, 0)"
3,"(1798328, 0)"
0,"(1799623, 0)"
3,"(1801495, 0)"
0,"(1802775, 0)"
3,"(1805030, 0)"
0,"(1806315, 0)"
1,"(1808250, 0)"
0,"(1809546, 0)"
2,"(1811077, 0)"
0,"(1812369, 0)"
4,"(1814193, 0)"
0,"(1815488, 0)"
5,"(1817959, 0)"
0,"(1819250, 0)"
2,"(1821220, 0)"
0,"(1822525, 0)"
4,"(1824802, 0)"
0,"(1826097, 0)"
4,"(1828351, 0)"
0,"(1829638, 0)"
4,"(1831248, 0)"
0,"(1832525, 0)"
2,"(1834490, 0)"
0,"(1835786, 0)"
5,"(1837395, 0)"
0,"(1838687, 0)"
1,"(1840373, 0)"
0,"(1841668, 0)"
5,"(1843837, 0)"
0,"(1845131, 0)"
4,"(1847160, 0)"
0,"(1848454, 0)"
5,"(1850108, 0)"
0,"(1851402, 0)"
4,"(1853449, 0)"
0,"(1854755, 0)"
5,"(1856301, 0)"
0,"(1857597, 0)"
1,"(1859857, 0)"
0,"(1861153, 0)"
2,"(1863182, 0)"
0,"(1864475, 0)"
2,"(1866534, 0)"
0,"(1867815, 0)"
1,"(1869734, 0)"
0,"(1871028, 0)"
1,"(1872796, 0)"
0,"(1874086, 0)"
4,"(1876522, 0)"
0,"(1877815, 0)"
1,"(1880260, 0)"
0,"(1881574, 0)"
4,"(1884008, 0)"
0,"(1885304, 0)"
3,"(1887395, 0)"
0,"(1888688, 0)"
4,"(1890454, 0)"
0,"(1891746, 0)"
1,"(1893478, 0)"
0,"(1894773, 0)"
4,"(1897049, 0)"
0,"(1898344, 0)"
4,"(1900584, 0)"
0,"(1901871, 0)"
2,"(1903808, 0)"
0,"(1905100, 0)"
2,"(1907427, 0)"
0,"(1908720, 0)"
4,"(1911045, 0)"
0,"(1912339, 0)"
3,"(1914704, 0)"
0,"(1916006, 0)"
5,"(1918154, 0)"
0,"(1919453, 0)"
1,"(1921406, 0)"
0,"(1922714, 0)"
4,"(1925089, 0)"
0,"(1926396, 0)"
5,"(1928255, 0)"
0,"(1929549, 0)"
4,"(1931277, 0)"
0,"(1932574, 0)"
2,"(1934691, 0)"
0,"(1935990, 0)"
1,"(1937646, 0)"
0,"(1938939, 0)"
1,"(1940866, 0)"
0,"(1942146, 0)"
2,"(1944379, 0)"
0,"(1945673, 0)"
4,"(1948029, 0)"
0,"(1949324, 0)"
1,"(1951406, 0)"
0,"(1952700, 0)"
2,"(1955163, 0)"
0,"(1956458, 0)"
2,"(1958893, 0)"
0,"(1960171, 0)"
1,"(1962057, 0)"
0,"(1963354, 0)"
1,"(1965508, 0)"
0,"(1966786, 0)"
4,"(1968345, 0)"
0,"(1969642, 0)"
4,"(1971498, 0)"
0,"(1972776, 0)"
4,"(1974669, 0)"
0,"(1975959, 0)"
5,"(1977488, 0)"
0,"(1978783, 0)"
4,"(1981090, 0)"
0,"(1982387, 0)"
2,"(1984710, 0)"
0,"(1986006, 0)"
3,"(1988127, 0)"
0,"(1989423, 0)"
2,"(1991466, 0)"
0,"(1992761, 0)"
3,"(1994523, 0)"
0,"(1995819, 0)"
5,"(1997560, 0)"
0,"(1998861, 0)"
1,"(2001361, 0)"
0,"(2002652, 0)"
1,"(2004698, 0)"
0,"(2005974, 0)"
5,"(2008285, 0)"
0,"(2009579, 0)"
5,"(2011156, 0)"
0,"(2012435, 0)"
4,"(2013962, 0)"
0,"(2015258, 0)"
3,"(2017553, 0)"
0,"(2018845, 0)"
5,"(2021233, 0)"
0,"(2022528, 0)"
1,"(2024665, 0)"
0,"(2025961, 0)"
1,"(2027690, 0)"
0,"(2028971, 0)"
1,"(2030516, 0)"
0,"(2031795, 0)"
5,"(2033922, 0)"
0,"(2035227, 0)"
3,"(2037084, 0)"
0,"(2038379, 0)"
5,"(2040874, 0)"
0,"(2042169, 0)"
5,"(2044356, 0)"
0,"(2045632, 0)"
2,"(2047910, 0)"
0,"(2049205, 0)"
2,"(2051380, 0)"
0,"(2052668, 0)"
4,"(2054477, 0)"
0,"(2055773, 0)"
3,"(2057802, 0)"
0,"(2059096, 0)"
4,"(2061210, 0)"
0,"(2062513, 0)"
3,"(2064603, 0)"
0,"(2065897, 0)"
3,"(2067992, 0)"
0,"(2069284, 0)"
4,"(2070879, 0)"
0,"(2072184, 0)"
2,"(2074696, 0)"
0,"(2075992, 0)"
2,"(2078472, 0)"
0,"(2079751, 0)"
3,"(2082141, 0)"
0,"(2083449, 0)"
2,"(2085367, 0)"
0,"(2086663, 0)"
2,"(2088300, 0)"
0,"(2089579, 0)"
4,"(2091813, 0)"
0,"(2093106, 0)"
1,"(2095307, 0)"
0,"(2096600, 0)"
5,"(2098956, 0)"
0,"(2100251, 0)"
1,"(2102533, 0)"
0,"(2103822, 0)"
4,"(2105714, 0)"
0,"(2107021, 0)"
2,"(2109252, 0)"
0,"(2110547, 0)"
4,"(2112325, 0)"
0,"(2113621, 0)"
4,"(2115608, 0)"
0,"(2116897, 0)"
1,"(2118644, 0)"
0,"(2119938, 0)"
4,"(2122278, 0)"
0,"(2123574, 0)"
1,"(2126025, 0)"
0,"(2127319, 0)"
1,"(2129011, 0)"
0,"(2130297, 0)"
1,"(2132294, 0)"
0,"(2133574, 0)"
1,"(2135983, 0)"
0,"(2137272, 0)"
3,"(2138836, 0)"
0,"(2140141, 0)"
2,"(2142428, 0)"
0,"(2143730, 0)"
2,"(2145418, 0)"
0,"(2146694, 0)"
3,"(2148414, 0)"
0,"(2149720, 0)"
4,"(2152140, 0)"
0,"(2153434, 0)"
2,"(2155043, 0)"
0,"(2156335, 0)"
3,"(2157900, 0)"
0,"(2159207, 0)"
5,"(2161145, 0)"
0,"(2162451, 0)"
3,"(2164774, 0)"
0,"(2166071, 0)"
1,"(2168477, 0)"
0,"(2169768, 0)"
5,"(2171672, 0)"
0,"(2172967, 0)"
4,"(2175388, 0)"
0,"(2176694, 0)"
2,"(2178825, 0)"
0,"(2180126, 0)"
1,"(2182575, 0)"
0,"(2183871, 0)"
4,"(2186102, 0)"
0,"(2187397, 0)"
2,"(2189740, 0)"
0,"(2191032, 0)"
5,"(2193293, 0)"
0,"(2194590, 0)"
3,"(2196423, 0)"
0,"(2197724, 0)"
3,"(2200203, 0)"
0,"(2201484, 0)"
4,"(2203324, 0)"
0,"(2204636, 0)"
4,"(2206509, 0)"
0,"(2207803, 0)"
3,"(2209721, 0)"
0,"(2211016, 0)"
5,"(2213215, 0)"
0,"(2214511, 0)"
5,"(2216350, 0)"
0,"(2217632, 0)"
5,"(2219877, 0)"
0,"(2221156, 0)"
2,"(2222702, 0)"
0,"(2223996, 0)"
2,"(2226166, 0)"
0,"(2227460, 0)"
4,"(2229192, 0)"
0,"(2230485, 0)"
3,"(2232622, 0)"
0,"(2233918, 0)"
1,"(2236085, 0)"
0,"(2237413, 0)"
3,"(2239271, 0)"
0,"(2240565, 0)"
4,"(2242311, 0)"
0,"(2243623, 0)"
2,"(2245993, 0)"
0,"(2247289, 0)"
1,"(2249535, 0)"
0,"(2250830, 0)"
1,"(2253179, 0)"
0,"(2254465, 0)"
2,"(2256564, 0)"
0,"(2257865, 0)"
3,"(2260174, 0)"
0,"(2261469, 0)"
5,"(2263465, 0)"
0,"(2264762, 0)"
3,"(2266623, 0)"
0,"(2267928, 0)"
1,"(2270394, 0)"
0,"(2271687, 0)"
1,"(2274171, 0)"
0,"(2275447, 0)"
3,"(2277615, 0)"
0,"(2278910, 0)"
2,"(2281098, 0)"
0,"(2282390, 0)"
5,"(2284511, 0)"
0,"(2285803, 0)"
1,"(2287337, 0)"
0,"(2288631, 0)"
4,"(2291113, 0)"
0,"(2292406, 0)"
3,"(2294140, 0)"
0,"(2295432, 0)"
2,"(2297069, 0)"
0,"(2298364, 0)"
2,"(2300135, 0)"
0,"(2301423, 0)"
2,"(2303077, 0)"
0,"(2304356, 0)"
5,"(2305978, 0)"
0,"(2307273, 0)"
5,"(2308880, 0)"
0,"(2310159, 0)"
1,"(2312068, 0)"
0,"(2313374, 0)"
4,"(2315228, 0)"
0,"(2316523, 0)"
3,"(2318833, 0)"
0,"(2320129, 0)"
5,"(2322328, 0)"
0,"(2323623, 0)"
2,"(2325183, 0)"
0,"(2326478, 0)"
1,"(2328037, 0)"
0,"(2329333, 0)"
4,"(2331563, 0)"
0,"(2332858, 0)"
3,"(2335249, 0)"
0,"(2336555, 0)"
5,"(2338140, 0)"
0,"(2339442, 0)"
2,"(2341750, 0)"
0,"(2343046, 0)"
5,"(2345091, 0)"
0,"(2346385, 0)"
5,"(2348615, 0)"
0,"(2349941, 0)"
3,"(2351875, 0)"
0,"(2353172, 0)"
2,"(2355245, 0)"
0,"(2356540, 0)"
3,"(2358802, 0)"
0,"(2360097, 0)"
2,"(2362254, 0)"
0,"(2363545, 0)"
3,"(2365202, 0)"
0,"(2366493, 0)"
4,"(2368366, 0)"
0,"(2369662, 0)"
4,"(2371955, 0)"
0,"(2373233, 0)"
1,"(2374874, 0)"
0,"(2376166, 0)"
2,"(2378249, 0)"
0,"(2379552, 0)"
5,"(2382004, 0)"
0,"(2383296, 0)"
5,"(2385091, 0)"
0,"(2386369, 0)"
3,"(2388771, 0)"
0,"(2390067, 0)"
5,"(2392455, 0)"
0,"(2393748, 0)"
91,"(2393750, 0)"
0,"(2513776, 0)"
4,"(2522480, 0)"
0,"(2523781, 0)"
2,"(2525811, 0)"
0,"(2527104, 0)"
5,"(2529554, 0)"
0,"(2530848, 0)"
2,"(2533203, 0)"
0,"(2534499, 0)"
5,"(2536606, 0)"
0,"(2537900, 0)"
4,"(2540335, 0)"
0,"(2541629, 0)"
4,"(2543344, 0)"
0,"(2544623, 0)"
3,"(2546198, 0)"
0,"(2547494, 0)"
5,"(2549662, 0)"
0,"(2550958, 0)"
3,"(2553282, 0)"
0,"(2554576, 0)"
3,"(2556839, 0)"
0,"(2558119, 0)"
5,"(2560600, 0)"
0,"(2561893, 0)"
2,"(2564268, 0)"
0,"(2565559, 0)"
2,"(2567528, 0)"
0,"(2568821, 0)"
5,"(2571115, 0)"
0,"(2572408, 0)"
3,"(2574831, 0)"
0,"(2576137, 0)"
1,"(2578243, 0)"
0,"(2579538, 0)"
3,"(2581941, 0)"
0,"(2583235, 0)"
5,"(2584953, 0)"
0,"(2586247, 0)"
5,"(2588523, 0)"
0,"(2589803, 0)"
4,"(2591599, 0)"
0,"(2592893, 0)"
1,"(2595060, 0)"
0,"(2596356, 0)"
2,"(2598275, 0)"
0,"(2599570, 0)"
2,"(2601799, 0)"
0,"(2603079, 0)"
5,"(2605486, 0)"
0,"(2606778, 0)"
3,"(2608681, 0)"
0,"(2609976, 0)"
5,"(2612174, 0)"
0,"(2613469, 0)"
3,"(2615591, 0)"
0,"(2616886, 0)"
3,"(2618726, 0)"
0,"(2620007, 0)"
5,"(2622223, 0)"
0,"(2623517, 0)"
1,"(2625750, 0)"
0,"(2627042, 0)"
3,"(2629225, 0)"
0,"(2630521, 0)"
1,"(2632471, 0)"
0,"(2633766, 0)"
2,"(2636092, 0)"
0,"(2637386, 0)"
2,"(2639135, 0)"
0,"(2640412, 0)"
3,"(2642301, 0)"
0,"(2643594, 0)"
2,"(2645669, 0)"
0,"(2646966, 0)"
3,"(2648872, 0)"
0,"(2650163, 0)"
5,"(2652331, 0)"
0,"(2653627, 0)"
3,"(2655856, 0)"
0,"(2657152, 0)"
1,"(2659496, 0)"
0,"(2660787, 0)"
1,"(2662367, 0)"
0,"(2663659, 0)"
2,"(2665330, 0)"
0,"(2666622, 0)"
1,"(2668434, 0)"
0,"(2669726, 0)"
1,"(2671780, 0)"
0,"(2673065, 0)"
4,"(2674719, 0)"
0,"(2676015, 0)"
5,"(2678385, 0)"
0,"(2679678, 0)"
5,"(2681763, 0)"
0,"(2683049, 0)"
3,"(2685112, 0)"
0,"(2686418, 0)"
3,"(2688260, 0)"
0,"(2689539, 0)"
1,"(2691542, 0)"
0,"(2692847, 0)"
1,"(2695248, 0)"
0,"(2696528, 0)"
5,"(2698477, 0)"
0,"(2699774, 0)"
4,"(2701677, 0)"
0,"(2702973, 0)"
5,"(2705297, 0)"
0,"(2706590, 0)"
1,"(2709034, 0)"
0,"(2710335, 0)"
5,"(2712101, 0)"
0,"(2713393, 0)"
3,"(2715499, 0)"
0,"(2716794, 0)"
5,"(2718915, 0)"
0,"(2720208, 0)"
2,"(2722256, 0)"
0,"(2723549, 0)"
3,"(2725516, 0)"
0,"(2726810, 0)"
4,"(2729289, 0)"
0,"(2730585, 0)"
4,"(2732793, 0)"
0,"(2734081, 0)"
3,"(2735936, 0)"
0,"(2737232, 0)"
1,"(2739293, 0)"
0,"(2740586, 0)"
4,"(2742661, 0)"
0,"(2743955, 0)"
5,"(2745889, 0)"
0,"(2747184, 0)"
2,"(2749436, 0)"
0,"(2750742, 0)"
2,"(2752708, 0)"
0,"(2753986, 0)"
4,"(2756263, 0)"
0,"(2757560, 0)"
4,"(2759495, 0)"
0,"(2760773, 0)"
4,"(2763222, 0)"
0,"(2764502, 0)"
1,"(2766717, 0)"
0,"(2768011, 0)"
3,"(2769914, 0)"
0,"(2771210, 0)"
1,"(2773177, 0)"
0,"(2774470, 0)"
5,"(2776206, 0)"
0,"(2777497, 0)"
5,"(2779026, 0)"
0,"(2780305, 0)"
4,"(2781895, 0)"
0,"(2783191, 0)"
2,"(2785202, 0)"
0,"(2786497, 0)"
1,"(2788572, 0)"
0,"(2789869, 0)"
3,"(2792053, 0)"
0,"(2793347, 0)"
1,"(2794906, 0)"
0,"(2796202, 0)"
1,"(2797861, 0)"
0,"(2799150, 0)"
5,"(2801100, 0)"
0,"(2802396, 0)"
3,"(2804519, 0)"
0,"(2805812, 0)"
1,"(2808188, 0)"
0,"(2809494, 0)"
1,"(2811914, 0)"
0,"(2813192, 0)"
1,"(2815221, 0)"
0,"(2816499, 0)"
1,"(2818573, 0)"
0,"(2819852, 0)"
5,"(2822130, 0)"
0,"(2823425, 0)"
5,"(2825846, 0)"
0,"(2827139, 0)"
2,"(2829151, 0)"
0,"(2830446, 0)"
3,"(2832055, 0)"
0,"(2833348, 0)"
4,"(2835437, 0)"
0,"(2836733, 0)"
4,"(2838326, 0)"
0,"(2839604, 0)"
1,"(2841634, 0)"
0,"(2842927, 0)"
3,"(2845375, 0)"
0,"(2846671, 0)"
5,"(2848621, 0)"
0,"(2849916, 0)"
3,"(2852084, 0)"
0,"(2853379, 0)"
3,"(2855723, 0)"
0,"(2857013, 0)"
4,"(2859075, 0)"
0,"(2860368, 0)"
2,"(2862247, 0)"
0,"(2863552, 0)"
5,"(2865641, 0)"
0,"(2866937, 0)"
1,"(2868855, 0)"
0,"(2870151, 0)"
2,"(2872106, 0)"
0,"(2873410, 0)"
5,"(2875312, 0)"
0,"(2876608, 0)"
2,"(2878528, 0)"
0,"(2879823, 0)"
1,"(2881695, 0)"
0,"(2882990, 0)"
1,"(2884755, 0)"
0,"(2886031, 0)"
2,"(2887971, 0)"
0,"(2889276, 0)"
3,"(2891087, 0)"
0,"(2892381, 0)"
3,"(2894012, 0)"
0,"(2895298, 0)"
2,"(2897513, 0)"
0,"(2898808, 0)"
1,"(2901105, 0)"
0,"(2902397, 0)"
1,"(2904299, 0)"
0,"(2905579, 0)"
1,"(2907312, 0)"
0,"(2908589, 0)"
1,"(2910293, 0)"
0,"(2911570, 0)"
1,"(2913347, 0)"
0,"(2914628, 0)"
3,"(2916287, 0)"
0,"(2917592, 0)"
5,"(2919995, 0)"
0,"(2921289, 0)"
3,"(2923020, 0)"
0,"(2924315, 0)"
3,"(2926202, 0)"
0,"(2927483, 0)"
1,"(2929260, 0)"
0,"(2930556, 0)"
1,"(2932505, 0)"
0,"(2933785, 0)"
5,"(2935316, 0)"
0,"(2936609, 0)"
5,"(2938553, 0)"
0,"(2939839, 0)"
1,"(2942119, 0)"
0,"(2943412, 0)"
4,"(2945605, 0)"
0,"(2946905, 0)"
3,"(2949058, 0)"
0,"(2950354, 0)"
4,"(2952085, 0)"
0,"(2953380, 0)"
2,"(2955111, 0)"
0,"(2956406, 0)"
5,"(2958810, 0)"
0,"(2960104, 0)"
2,"(2962006, 0)"
0,"(2963303, 0)"
5,"(2965422, 0)"
0,"(2966718, 0)"
3,"(2969138, 0)"
0,"(2970432, 0)"
5,"(2972277, 0)"
0,"(2973583, 0)"
5,"(2975536, 0)"
0,"(2976827, 0)"
3,"(2978373, 0)"
0,"(2979666, 0)"
1,"(2981905, 0)"
0,"(2983209, 0)"
1,"(2985057, 0)"
0,"(2986344, 0)"
3,"(2988172, 0)"
0,"(2989465, 0)"
1,"(2991522, 0)"
0,"(2992818, 0)"
2,"(2994883, 0)"
0,"(2996190, 0)"
2,"(2997943, 0)"
0,"(2999231, 0)"
5,"(3000908, 0)"
0,"(3002211, 0)"
5,"(3004660, 0)"
0,"(3005940, 0)"
1,"(3008171, 0)"
0,"(3009465, 0)"
1,"(3011338, 0)"
0,"(3012617, 0)"
2,"(3014130, 0)"
0,"(3015426, 0)"
4,"(3017642, 0)"
0,"(3018936, 0)"
3,"(3020997, 0)"
0,"(3022289, 0)"
3,"(3024088, 0)"
0,"(3025378, 0)"
4,"(3027643, 0)"
0,"(3028935, 0)"
4,"(3031025, 0)"
0,"(3032304, 0)"
1,"(3034458, 0)"
0,"(3035752, 0)"
2,"(3037764, 0)"
0,"(3039061, 0)"
1,"(3040665, 0)"
0,"(3041962, 0)"
4,"(3043673, 0)"
0,"(3044972, 0)"
4,"(3046908, 0)"
0,"(3048187, 0)"
1,"(3049950, 0)"
0,"(3051244, 0)"
2,"(3053286, 0)"
0,"(3054583, 0)"
5,"(3057033, 0)"
0,"(3058326, 0)"
1,"(3060230, 0)"
0,"(3061524, 0)"
5,"(3063708, 0)"
0,"(3065004, 0)"
1,"(3067483, 0)"
0,"(3068779, 0)"
3,"(3070751, 0)"
0,"(3072055, 0)"
4,"(3074248, 0)"
0,"(3075545, 0)"
4,"(3077703, 0)"
0,"(3078984, 0)"
3,"(3080869, 0)"
0,"(3082163, 0)"
1,"(3083787, 0)"
0,"(3085081, 0)"
2,"(3087572, 0)"
0,"(3088873, 0)"
5,"(3090980, 0)"
0,"(3092275, 0)"
1,"(3093974, 0)"
0,"(3095270, 0)"
5,"(3097131, 0)"
0,"(3098437, 0)"
2,"(3100339, 0)"
0,"(3101634, 0)"
2,"(3103290, 0)"
0,"(3104567, 0)"
1,"(3106455, 0)"
0,"(3107767, 0)"
1,"(3109714, 0)"
0,"(3110996, 0)"
1,"(3113115, 0)"
0,"(3114395, 0)"
4,"(3116472, 0)"
0,"(3117766, 0)"
3,"(3119512, 0)"
0,"(3120808, 0)"
1,"(3122886, 0)"
0,"(3124176, 0)"
4,"(3126175, 0)"
0,"(3127469, 0)"
5,"(3129204, 0)"
0,"(3130496, 0)"
5,"(3132976, 0)"
0,"(3134256, 0)"
2,"(3136268, 0)"
0,"(3137563, 0)"
2,"(3139828, 0)"
0,"(3141121, 0)"
4,"(3143590, 0)"
0,"(3144880, 0)"
2,"(3149868, 0)"
0,"(3151163, 0)"
5,"(3153539, 0)"
0,"(3154833, 0)"
4,"(3157032, 0)"
0,"(3158328, 0)"
3,"(3160060, 0)"
0,"(3161354, 0)"
3,"(3163677, 0)"
0,"(3164957, 0)"
1,"(3167456, 0)"
0,"(3168750, 0)"
3,"(3170583, 0)"
0,"(3171884, 0)"
4,"(3173467, 0)"
0,"(3174770, 0)"
3,"(3176832, 0)"
0,"(3178125, 0)"
5,"(3180464, 0)"
0,"(3181761, 0)"
2,"(3184054, 0)"
0,"(3185348, 0)"
4,"(3187313, 0)"
0,"(3188609, 0)"
1,"(3190236, 0)"
0,"(3191530, 0)"
3,"(3193303, 0)"
0,"(3194600, 0)"
4,"(3197079, 0)"
0,"(3198375, 0)"
2,"(3200199, 0)"
0,"(3201495, 0)"
5,"(3203852, 0)"
0,"(3205147, 0)"
2,"(3207298, 0)"
0,"(3208593, 0)"
5,"(3210186, 0)"
0,"(3211479, 0)"
5,"(3213572, 0)"
0,"(3214850, 0)"
3,"(3216424, 0)"
0,"(3217720, 0)"
5,"(3219514, 0)"
0,"(3220824, 0)"
3,"(3222525, 0)"
0,"(3223819, 0)"
5,"(3225722, 0)"
0,"(3227019, 0)"
2,"(3229205, 0)"
0,"(3230498, 0)"
1,"(3232323, 0)"
0,"(3233617, 0)"
3,"(3235802, 0)"
0,"(3237096, 0)"
1,"(3238789, 0)"
0,"(3240091, 0)"
5,"(3242077, 0)"
0,"(3243369, 0)"
1,"(3245433, 0)"
0,"(3246736, 0)"
5,"(3248298, 0)"
0,"(3249592, 0)"
2,"(3251557, 0)"
0,"(3252853, 0)"
2,"(3255154, 0)"
0,"(3256441, 0)"
4,"(3258485, 0)"
0,"(3259778, 0)"
2,"(3262167, 0)"
0,"(3263462, 0)"
5,"(3265616, 0)"
0,"(3266909, 0)"
3,"(3268484, 0)"
0,"(3269779, 0)"
2,"(3271697, 0)"
0,"(3272993, 0)"
4,"(3274771, 0)"
0,"(3276067, 0)"
1,"(3278564, 0)"
0,"(3279858, 0)"
1,"(3282151, 0)"
0,"(3283431, 0)"
5,"(3285926, 0)"
0,"(3287222, 0)"
4,"(3289157, 0)"
0,"(3290451, 0)"
5,"(3292463, 0)"
0,"(3293774, 0)"
1,"(3295646, 0)"
0,"(3296942, 0)"
5,"(3299051, 0)"
0,"(3300341, 0)"
3,"(3302044, 0)"
0,"(3303337, 0)"
1,"(3305600, 0)"
0,"(3306910, 0)"
4,"(3309368, 0)"
0,"(3310670, 0)"
1,"(3312730, 0)"
0,"(3314024, 0)"
3,"(3316040, 0)"
0,"(3317347, 0)"
5,"(3319842, 0)"
0,"(3321137, 0)"
4,"(3323603, 0)"
0,"(3324898, 0)"
5,"(3326817, 0)"
0,"(3328111, 0)"
2,"(3330095, 0)"
0,"(3331388, 0)"
4,"(3333290, 0)"
0,"(3334585, 0)"
4,"(3336648, 0)"
0,"(3337939, 0)"
5,"(3340437, 0)"
0,"(3341732, 0)"
5,"(3343773, 0)"
0,"(3345054, 0)"
1,"(3346678, 0)"
0,"(3347971, 0)"
3,"(3349787, 0)"
0,"(3351090, 0)"
5,"(3353135, 0)"
0,"(3354431, 0)"
3,"(3356481, 0)"
0,"(3357784, 0)"
4,"(3359830, 0)"
0,"(3361123, 0)"
5,"(3362649, 0)"
0,"(3363945, 0)"
3,"(3365599, 0)"
0,"(3366894, 0)"
2,"(3368656, 0)"
0,"(3369953, 0)"
1,"(3372121, 0)"
0,"(3373415, 0)"
1,"(3375196, 0)"
0,"(3376489, 0)"
2,"(3378189, 0)"
0,"(3379484, 0)"
3,"(3381878, 0)"
0,"(3383183, 0)"
1,"(3385104, 0)"
0,"(3386396, 0)"
3,"(3388875, 0)"
0,"(3390171, 0)"
4,"(3392527, 0)"
0,"(3393822, 0)"
5,"(3395709, 0)"
0,"(3397004, 0)"
3,"(3399298, 0)"
0,"(3400593, 0)"
5,"(3402918, 0)"
0,"(3404214, 0)"
2,"(3406146, 0)"
0,"(3407441, 0)"
5,"(3409550, 0)"
0,"(3410842, 0)"
2,"(3413057, 0)"
0,"(3414353, 0)"
5,"(3416598, 0)"
0,"(3417893, 0)"
3,"(3419940, 0)"
0,"(3421232, 0)"
1,"(3423057, 0)"
0,"(3424352, 0)"
1,"(3426036, 0)"
0,"(3427316, 0)"
1,"(3429294, 0)"
0,"(3430578, 0)"
4,"(3433004, 0)"
0,"(3434306, 0)"
1,"(3435818, 0)"
0,"(3437112, 0)"
3,"(3438833, 0)"
0,"(3440142, 0)"
1,"(3441782, 0)"
0,"(3443074, 0)"
2,"(3445303, 0)"
0,"(3446599, 0)"
3,"(3448892, 0)"
0,"(3450187, 0)"
1,"(3452136, 0)"
0,"(3453432, 0)"
1,"(3454993, 0)"
0,"(3456271, 0)"
2,"(3458378, 0)"
0,"(3459672, 0)"
5,"(3462020, 0)"
0,"(3463316, 0)"
3,"(3465791, 0)"
0,"(3467083, 0)"
2,"(3468816, 0)"
0,"(3470110, 0)"
4,"(3472156, 0)"
0,"(3473448, 0)"
3,"(3475303, 0)"
0,"(3476599, 0)"
5,"(3478751, 0)"
0,"(3480046, 0)"
4,"(3481721, 0)"
0,"(3483027, 0)"
3,"(3485117, 0)"
0,"(3486412, 0)"
2,"(3488801, 0)"
0,"(3490093, 0)"
4,"(3491783, 0)"
0,"(3493089, 0)"
2,"(3495227, 0)"
0,"(3496522, 0)"
5,"(3498833, 0)"
0,"(3500126, 0)"
1,"(3502605, 0)"
0,"(3503900, 0)"
1,"(3505647, 0)"
0,"(3506928, 0)"
1,"(3509047, 0)"
0,"(3510329, 0)"
5,"(3512248, 0)"
0,"(3513541, 0)"
2,"(3515601, 0)"
0,"(3516896, 0)"
3,"(3518616, 0)"
0,"(3519906, 0)"
1,"(3522375, 0)"
0,"(3523668, 0)"
5,"(3525648, 0)"
0,"(3526943, 0)"
4,"(3528487, 0)"
0,"(3529782, 0)"
2,"(3532263, 0)"
0,"(3533557, 0)"
4,"(3535204, 0)"
0,"(3536506, 0)"
4,"(3538929, 0)"
0,"(3540221, 0)"
1,"(3542623, 0)"
0,"(3543918, 0)"
2,"(3546180, 0)"
0,"(3547473, 0)"
1,"(3549417, 0)"
0,"(3550719, 0)"
4,"(3553051, 0)"
0,"(3554354, 0)"
5,"(3556604, 0)"
0,"(3557896, 0)"
5,"(3559473, 0)"
0,"(3560750, 0)"
4,"(3562768, 0)"
0,"(3564073, 0)"
5,"(3566325, 0)"
0,"(3567630, 0)"
3,"(3569300, 0)"
0,"(3570595, 0)"
5,"(3572717, 0)"
0,"(3574010, 0)"
5,"(3576351, 0)"
0,"(3577632, 0)"
92,"(3577634, 0)"
0,"(3578660, 0)"
