Target,Neibour,I,J,Value
1,1,9,9,12912.434
3,3,3,3,10108.016
5,5,5,5,9102.837
7,7,7,7,6705.9204
2,2,8,8,6538.3315
10,10,10,10,6315.947
8,8,8,8,6119.14
4,4,4,4,5980.8384
4,4,10,10,5827.5625
8,8,5,5,5707.419
2,2,2,2,5468.236
6,6,6,6,5385.4106
6,6,7,7,4406.377
1,8,9,9,3558.9668
3,3,3,4,3097.0303
3,1,3,3,2303.6934
7,7,8,8,2246.0608
6,4,7,7,2206.5237
2,2,8,6,2117.3135
1,1,1,1,2089.1658
4,10,10,10,2053.2708
5,5,3,3,1973.0538
5,5,5,9,1952.6936
7,7,4,4,1797.0042
2,5,5,5,1733.8773
6,6,5,5,1681.8121
5,5,1,1,1663.5133
3,3,10,10,1616.3179
2,6,8,8,1583.5659
5,5,8,8,1508.2261
4,4,1,1,1434.0374
8,8,5,9,1385.057
6,6,6,1,1355.0217
6,6,7,8,1336.4962
3,3,7,7,1315.4917
6,6,4,4,1286.2397
4,4,9,9,1213.6049
10,10,10,7,1165.8384
10,7,7,7,1160.7827
4,3,3,3,1143.2843
7,7,7,8,1140.7039
5,2,2,2,1136.1224
6,6,1,1,1102.8357
4,4,5,5,1100.7083
10,10,6,6,1099.5461
7,7,10,10,1097.9062
2,2,2,5,1075.1094
8,8,4,4,1072.306
10,4,10,10,1044.3655
10,5,5,5,1035.4948
8,8,6,6,1009.88586
6,8,5,5,978.7754
4,4,10,7,973.33905
1,8,5,5,960.6536
5,5,5,10,951.22577
3,4,4,4,928.53906
7,8,8,8,925.1174
8,8,2,2,899.24426
2,2,3,3,879.7713
5,10,10,10,861.7525
8,8,7,7,847.92017
7,7,2,2,839.0235
7,3,3,3,825.60596
3,3,10,1,822.68634
7,7,4,2,815.72705
8,8,8,6,815.0748
7,10,7,7,809.7875
4,4,4,2,784.415
4,2,2,2,779.616
8,6,6,6,763.11285
6,5,5,5,751.0222
5,2,8,8,746.16656
5,5,5,2,743.83636
6,6,5,10,742.3452
5,5,8,1,735.6194
4,6,7,7,729.26874
6,3,3,3,712.98065
7,10,10,10,710.0402
6,1,1,1,704.5766
3,3,7,6,697.5493
8,5,5,5,696.0621
8,1,9,9,677.28894
7,7,6,6,675.2286
3,4,10,10,667.9465
6,2,8,8,654.6699
7,7,1,1,652.10297
4,1,9,9,650.4794
6,6,6,5,627.65497
9,9,9,9,613.30707
6,8,6,6,598.7194
8,8,1,1,590.2635
8,8,8,1,579.3888
6,6,4,10,574.3778
10,4,4,4,562.4039
8,2,2,2,559.6057
7,6,6,6,537.81775
5,6,5,5,534.5391
7,3,4,4,534.4215
5,2,5,5,531.698
8,3,3,3,530.41113
1,3,3,3,528.56635
6,4,10,10,518.8711
4,4,4,10,504.8203
3,7,4,4,503.1637
2,6,7,7,496.09357
2,3,3,3,494.70206
3,4,1,1,494.26865
8,7,7,7,493.76828
4,5,5,5,491.80002
8,1,1,1,490.38513
8,8,2,5,487.5149
3,7,7,7,486.1877
5,1,9,9,469.4404
7,7,7,6,467.29233
2,2,2,3,464.34143
7,7,8,2,458.62592
10,10,3,3,456.36908
8,7,8,8,452.2697
2,2,3,8,445.95294
10,10,8,8,441.85443
6,10,10,10,439.25406
8,8,8,2,435.81927
8,8,6,5,435.54214
6,1,9,9,433.28464
4,3,1,1,431.91913
4,4,4,5,431.53168
6,8,8,8,430.2947
7,7,7,9,429.76385
7,2,8,8,429.1801
3,8,8,8,424.72525
10,1,1,1,424.5679
2,5,2,2,423.84436
7,2,2,2,421.70755
7,10,8,8,421.68265
10,6,6,6,417.09338
2,2,2,9,415.80246
8,8,8,9,413.62943
10,2,2,2,407.88608
4,3,4,4,407.38373
10,10,10,1,407.0308
4,4,1,9,401.71478
6,4,6,6,397.36075
1,10,10,10,394.99158
5,6,6,6,393.88422
7,4,4,4,393.22476
6,3,10,10,391.4524
10,10,2,2,391.37463
4,6,6,6,388.977
10,10,1,1,385.21735
10,10,10,6,383.78012
8,6,7,7,381.5199
4,4,4,6,381.23676
2,10,10,10,367.7959
8,5,8,8,367.17502
3,6,10,10,363.78745
8,6,5,5,363.20465
2,4,4,4,363.11264
1,4,4,4,353.1864
3,1,1,1,352.61954
6,5,1,1,351.19656
4,3,3,4,351.13156
7,8,5,5,347.62173
6,7,7,7,347.10498
1,6,1,1,341.65015
10,1,9,9,337.8481
2,5,8,8,331.79886
8,7,4,4,331.39398
2,7,7,7,329.7997
5,8,8,8,329.09732
4,7,7,7,327.17276
1,8,8,8,326.21924
8,8,8,3,324.3267
6,7,6,6,320.9278
3,2,2,2,316.46927
2,7,8,8,313.8411
3,6,6,6,313.73874
2,1,9,9,310.95837
1,5,5,5,310.24265
3,1,9,9,302.39377
7,5,5,5,299.47684
7,7,8,9,284.61066
1,6,6,6,283.65045
4,4,5,3,279.03198
6,6,1,7,275.60208
1,1,5,5,274.86435
7,1,1,1,274.49814
1,7,7,7,273.66565
5,5,9,9,271.943
6,4,4,4,271.0834
3,10,10,10,268.19113
7,1,7,7,263.34866
8,7,2,2,257.54556
7,4,10,10,257.5272
4,4,9,6,256.94418
2,8,8,8,255.18546
1,1,7,7,254.31747
1,2,8,8,250.53311
8,3,6,6,243.57133
4,7,4,4,239.50877
4,4,7,7,237.44746
2,4,2,2,237.23616
1,8,5,9,236.67438
7,7,3,3,236.0366
1,1,1,3,235.15714
7,7,1,7,234.8904
2,4,10,10,231.0966
7,3,3,4,231.07565
10,5,5,9,229.63095
3,7,7,8,227.63103
3,8,5,5,227.36366
10,7,8,8,226.55548
4,1,3,3,225.8382
3,6,7,7,225.33601
3,5,5,5,225.30466
6,3,3,4,224.69571
1,1,3,3,220.74985
4,4,10,9,218.3588
5,3,3,3,218.05664
10,10,8,3,217.17845
7,7,7,10,216.96312
2,8,2,2,216.30736
7,3,10,10,215.94365
4,4,5,2,214.95322
1,2,2,2,214.6169
8,8,4,3,214.44444
4,4,4,3,213.57378
9,9,2,2,211.6903
7,7,7,3,210.01895
2,4,7,7,209.522
3,4,10,7,207.8877
10,5,3,3,206.28998
5,4,4,4,204.32585
7,7,10,4,202.35333
8,1,5,5,202.03607
4,1,1,1,201.27603
1,4,10,10,199.33939
10,10,10,9,196.52701
7,6,7,7,195.84068
9,9,6,6,190.83733
2,5,1,1,189.05472
4,3,10,10,188.9458
8,8,7,2,188.90771
6,2,2,2,186.56323
10,10,10,4,186.17735
10,8,8,8,183.5169
6,6,3,3,183.35574
6,8,5,9,182.15715
2,5,3,3,182.03319
4,2,8,8,181.87079
5,2,8,6,180.62859
2,6,6,6,179.6814
10,2,10,10,179.50468
10,7,10,10,179.27037
2,4,5,5,178.74532
10,1,10,10,178.50371
7,8,4,4,177.51819
8,4,4,4,177.24155
8,10,10,10,175.95267
4,8,8,8,175.0139
7,7,5,5,173.77031
10,5,10,10,172.61249
8,5,1,1,171.46785
10,7,4,4,171.4544
7,7,9,9,170.3124
1,1,2,2,170.29515
7,8,2,2,170.036
8,8,7,5,167.60646
10,10,6,5,167.37578
7,4,9,9,166.3866
7,7,8,4,161.63245
3,3,5,5,161.2688
3,6,5,5,161.0609
7,7,10,6,159.75526
7,10,6,6,158.71454
8,4,7,7,158.26482
1,1,4,4,157.83919
8,8,9,9,157.29846
4,7,9,9,155.92148
5,7,7,7,155.88356
4,10,4,4,155.88274
6,4,10,7,155.33548
5,1,1,1,153.43755
4,1,5,5,153.30125
10,5,6,6,152.98723
8,3,8,8,150.89894
3,3,8,8,150.89847
4,3,6,6,149.28624
6,5,8,8,148.9847
8,6,7,8,148.05646
5,2,2,5,147.34825
9,9,6,1,146.26202
7,1,3,3,145.92152
7,3,6,6,145.5836
4,8,4,4,145.47351
1,6,7,7,145.15166
7,6,10,10,143.94453
10,3,3,3,143.04013
5,6,1,1,142.44122
7,8,9,9,142.25005
7,7,7,2,140.66621
3,3,1,1,140.34978
10,10,6,3,139.55222
1,1,1,9,139.1612
10,10,1,10,137.9647
3,10,7,7,137.60158
7,7,7,5,137.55148
9,9,9,7,137.37988
4,3,7,7,136.29692
1,4,1,1,134.64493
10,10,6,8,134.30798
1,3,3,4,133.92699
2,7,4,4,131.83748
2,5,5,9,129.42891
3,3,3,8,128.33406
7,7,2,9,128.16537
8,3,10,10,127.09962
4,8,9,9,126.97183
3,3,6,6,126.35214
1,1,1,7,126.31885
5,6,7,7,126.22208
7,1,9,9,125.27921
7,5,8,8,124.54204
4,7,8,8,124.257126
1,10,1,1,123.83806
4,1,4,4,123.74028
7,2,8,6,122.676445
10,6,10,10,122.45289
3,7,8,8,122.35131
7,7,3,8,121.528244
5,2,3,3,121.3525
2,6,7,8,121.25722
10,4,1,1,121.13645
7,8,5,9,119.978455
3,8,6,6,119.236374
6,1,3,3,119.15114
2,1,1,1,118.682846
10,1,4,4,118.24751
5,8,9,9,118.023994
10,2,6,6,118.01433
2,4,1,1,117.38042
8,2,8,8,115.097946
8,6,8,8,114.81942
2,2,9,9,114.242546
4,2,5,5,113.70481
1,4,9,9,113.621956
7,8,7,7,112.53167
7,3,1,1,112.43502
5,5,4,4,112.33282
3,4,9,9,111.61426
6,8,9,9,111.44648
10,4,9,9,110.43597
4,2,10,10,110.25837
7,8,6,6,109.73643
7,7,9,6,108.14206
10,2,8,8,106.086
2,2,6,6,105.379
3,2,3,3,105.30087
10,6,7,7,105.121025
10,1,8,8,104.776665
10,5,1,1,104.33528
7,7,6,4,103.82911
1,3,10,10,103.298454
2,2,5,5,102.93618
6,7,8,8,102.476494
5,6,4,4,102.38226
7,4,2,2,102.195564
5,5,5,8,101.98605
6,5,3,3,101.60619
2,5,5,10,100.38722
5,6,8,8,99.55623
1,1,10,10,99.37489
6,6,10,10,98.48776
3,6,6,1,98.36497
5,8,5,5,98.248924
4,10,10,7,98.17711
3,2,8,8,97.85466
10,5,8,8,97.58019
3,6,1,1,97.32214
5,4,5,5,97.203835
7,4,1,1,97.1141
7,6,5,5,96.91327
8,3,3,4,96.01616
2,2,4,4,95.9464
3,6,7,8,95.75743
3,4,5,5,94.7941
10,7,7,8,92.93045
1,4,5,5,92.74811
7,10,10,7,92.58832
7,4,7,7,92.5471
10,8,9,9,92.299355
4,3,10,1,91.76834
1,8,1,1,91.41149
5,10,6,6,91.25368
10,10,7,7,90.60408
2,8,5,5,88.79223
8,7,7,8,88.649414
7,7,2,6,88.53918
7,7,5,9,88.047066
5,4,10,10,88.02174
1,6,5,5,87.91234
7,7,10,3,87.69721
2,5,5,2,87.22129
8,8,3,3,86.327
2,6,5,5,86.13743
1,8,6,6,86.08289
2,3,10,10,86.02736
7,6,1,1,85.75228
4,3,9,9,85.70808
3,3,3,9,84.83412
8,7,4,2,84.7303
10,6,3,3,84.600525
6,10,6,6,84.16984
10,4,5,5,83.40245
4,10,6,6,83.396225
8,6,6,1,83.24945
8,6,4,4,83.23151
6,7,10,10,81.685684
7,7,1,8,80.554535
8,6,1,1,80.43511
2,8,9,9,80.39508
4,4,6,6,80.191986
1,2,8,6,79.72187
5,6,6,1,79.3634
6,8,4,4,78.42328
7,3,7,7,78.0101
5,5,2,2,76.64259
2,4,9,9,76.06228
3,3,9,9,75.91323
3,8,9,9,75.49359
10,3,4,4,75.48926
5,7,8,8,75.39828
4,3,7,6,74.963036
1,7,8,8,74.06848
7,4,6,6,73.981064
10,7,2,2,73.876434
4,2,2,5,73.68149
6,5,5,9,73.43931
5,8,6,6,73.257614
8,3,7,7,72.83476
1,3,7,7,72.70513
7,2,7,7,72.44721
3,3,4,4,71.70532
7,6,4,4,71.380516
10,7,4,2,71.346535
3,4,7,7,70.9607
3,8,5,9,70.96057
1,10,6,6,70.59359
1,5,1,1,70.52399
2,5,8,1,70.33591
6,2,6,6,70.182236
4,2,8,6,70.10788
5,6,7,8,69.936554
6,6,3,4,69.869125
2,3,3,4,69.69371
7,6,8,8,69.48578
1,6,4,4,69.21132
8,7,10,10,68.34701
10,6,1,1,68.3336
5,9,9,9,68.089806
10,6,5,5,67.90563
4,2,3,3,67.40851
3,2,6,6,67.07312
6,8,7,7,66.3382
8,10,7,7,66.239555
3,4,4,2,66.09338
10,10,9,9,65.57979
10,4,10,7,65.54359
5,10,10,7,65.15469
8,5,3,3,64.65964
4,6,5,5,64.048225
10,7,6,6,63.760826
6,7,4,4,62.926674
4,6,1,1,62.849594
8,4,10,10,62.363102
6,6,8,8,62.01879
3,6,4,4,61.868206
8,2,3,3,61.768047
3,5,3,3,61.42894
2,2,10,10,60.99583
5,2,2,3,60.39684
10,10,4,4,59.952667
8,9,9,9,59.868748
9,7,2,2,59.688114
2,10,6,6,59.45751
1,6,8,8,59.40019
2,9,9,9,59.388023
5,3,10,10,59.360638
2,4,10,7,59.251205
8,7,6,6,59.241463
1,8,2,2,59.080956
6,6,6,8,58.996773
4,5,8,8,58.83695
3,8,4,4,58.51086
6,7,2,2,58.445026
4,6,4,4,58.3634
10,6,4,4,57.953857
1,7,4,4,57.901783
4,6,10,10,57.596413
1,1,5,2,57.386967
3,1,1,3,57.303974
7,2,3,3,57.251125
1,1,2,9,57.149075
10,8,5,5,57.13062
2,3,4,4,56.96766
10,4,4,2,56.812393
1,8,4,4,56.802853
5,8,2,2,56.728687
2,8,4,4,56.35771
9,8,6,6,56.19253
5,6,5,10,56.152786
3,7,10,10,55.960526
7,8,8,6,55.559456
7,4,5,5,55.29098
6,4,1,1,55.172024
6,5,5,10,55.149002
2,7,10,10,55.117176
5,5,5,3,55.09709
1,10,10,7,55.009834
6,4,9,9,54.844776
1,4,10,7,54.79041
1,6,6,1,54.74378
8,7,8,2,54.69617
2,7,7,8,54.578445
2,7,4,2,53.920788
6,6,6,10,53.85241
4,7,10,10,53.802303
5,8,4,4,53.733128
9,4,10,10,53.636192
6,8,2,2,53.572926
3,7,4,2,53.493664
4,7,6,6,53.43316
2,2,2,10,53.10896
8,8,10,10,52.97994
5,5,9,5,52.130974
5,2,3,8,52.044918
2,4,4,2,52.044815
5,2,2,9,51.884506
6,5,5,2,51.80263
4,8,5,5,51.727047
7,5,1,1,51.67545
6,5,8,1,51.46947
7,6,6,1,51.413765
10,2,3,3,51.001534
3,7,6,6,50.87181
8,3,4,4,50.61109
4,10,8,8,50.42109
6,6,7,9,50.3765
7,4,10,7,50.345207
9,5,9,9,50.317165
6,8,8,6,50.074184
8,2,2,5,49.824104
5,6,6,5,49.773907
2,3,7,7,49.735374
8,4,1,1,49.310005
1,6,7,8,49.091908
10,3,1,1,48.87072
1,1,10,7,48.620434
8,10,8,8,48.5878
3,5,8,8,48.437767
1,1,8,8,48.334747
5,5,10,10,48.271976
7,9,9,9,48.265816
3,3,3,6,48.262016
10,2,2,5,48.0528
2,8,6,6,47.80933
3,6,5,10,47.778084
8,1,7,7,47.76186
7,10,1,1,47.699184
5,6,4,10,47.513405
1,7,2,2,47.234303
3,8,2,2,47.126682
2,6,10,10,47.10864
7,2,2,5,47.090607
3,7,3,3,46.65348
1,8,8,6,46.535355
9,7,7,7,46.23352
4,7,7,8,46.105732
5,2,6,6,46.08227
1,10,8,8,46.068256
10,8,4,4,45.965626
2,7,2,2,45.90763
7,10,3,3,45.697723
1,9,9,9,45.659138
3,8,3,3,45.596996
7,1,5,5,45.311554
4,7,4,2,45.197437
8,5,9,9,45.161045
8,3,10,1,45.09995
2,7,8,2,45.06869
5,5,5,1,45.057888
3,8,7,7,44.990368
10,5,5,10,44.796265
4,4,4,1,44.54224
7,8,1,1,44.421684
1,5,5,9,44.36445
6,6,7,10,44.344574
2,10,7,7,44.002846
2,6,4,4,43.998306
2,3,1,1,43.815296
6,1,7,7,43.80963
7,3,10,1,43.79453
10,7,1,1,43.64079
3,2,2,5,43.48957
6,3,6,6,43.10351
10,8,6,6,43.085655
5,4,9,9,43.00981
2,7,6,6,42.990208
7,6,7,8,42.922638
7,2,6,6,42.912224
8,7,1,1,42.884235
7,9,2,2,42.664616
5,4,7,7,42.6019
1,3,10,1,42.554657
6,4,5,5,42.544456
2,10,10,7,42.495617
8,8,8,4,42.28703
6,8,1,1,42.24275
1,1,1,2,42.240623
2,10,8,8,42.177788
4,5,9,9,42.0062
7,3,7,6,41.976788
8,6,5,10,41.753216
3,4,6,6,41.742275
1,5,3,3,41.728138
4,6,6,1,41.717884
10,1,5,5,41.687725
5,5,9,6,41.6156
5,8,1,1,41.599934
5,8,7,7,41.592422
10,3,10,10,41.45152
8,1,3,3,41.415974
8,6,6,5,41.19368
10,4,4,10,41.068867
1,1,1,10,41.060154
6,5,9,9,40.970085
7,10,2,2,40.960976
9,1,9,9,40.561398
1,1,1,4,40.46231
6,8,8,1,40.31003
3,3,6,10,40.286842
1,4,4,2,40.223915
6,2,10,10,39.994194
6,2,5,5,39.753983
3,3,1,10,39.74997
4,5,3,3,39.70489
1,1,5,8,39.663467
9,8,8,8,39.585648
3,5,1,1,39.557785
5,5,7,7,39.555935
4,5,1,1,39.537888
9,4,9,9,39.53216
4,10,7,7,39.388786
10,5,8,1,39.337093
7,10,10,1,38.9645
5,6,9,9,38.863083
4,6,8,8,38.75989
1,10,4,4,38.374146
5,4,6,6,38.345436
7,8,2,5,38.292194
7,4,4,2,38.262787
10,1,7,7,38.23391
1,7,6,6,38.233677
3,4,4,10,38.20895
8,4,9,9,38.18088
1,8,7,7,38.158962
8,6,4,10,38.094906
2,2,2,7,37.881676
2,10,2,2,37.823555
7,6,6,5,37.813854
1,6,10,10,37.63128
5,7,6,6,37.600075
2,6,1,1,37.592926
2,6,6,1,37.47854
8,4,5,5,37.324635
4,7,2,2,37.287476
1,5,8,8,37.244587
3,7,8,2,37.078335
7,8,8,1,37.00475
3,7,1,1,36.853443
2,1,3,3,36.75286
1,7,10,10,36.67833
7,5,3,3,36.647606
3,3,8,6,36.63683
7,10,10,6,36.56196
4,10,1,1,36.067818
5,4,2,2,35.973938
10,2,5,5,35.68405
2,8,7,7,35.66444
6,3,7,7,35.62953
6,6,2,2,35.590263
2,7,9,9,35.47334
8,5,5,2,35.301823
10,9,9,9,35.211884
1,3,7,6,35.159424
5,7,4,4,35.05788
6,7,1,1,34.84714
2,1,2,2,34.820972
6,9,9,9,34.811657
7,6,5,10,34.296673
3,4,4,5,34.28422
4,2,6,6,34.164505
6,10,10,7,34.09797
4,10,3,3,34.087696
10,5,5,2,34.039356
6,7,7,8,34.02571
3,8,8,6,34.021835
4,4,2,2,33.96889
4,7,8,2,33.961834
10,7,9,9,33.910744
10,6,6,1,33.777134
6,10,3,3,33.764355
1,6,5,10,33.71019
6,3,4,4,33.492622
1,2,3,3,33.450294
2,2,3,9,33.153675
3,3,5,1,33.035667
8,6,10,10,32.83398
7,1,10,10,32.73888
1,1,4,5,32.638245
7,6,4,10,32.577152
4,8,6,6,32.512913
4,2,3,8,32.419155
7,8,6,5,32.32169
6,10,7,7,32.232487
8,3,7,6,32.12422
7,8,8,2,32.11745
2,7,1,1,31.962175
5,8,8,6,31.943768
1,6,6,5,31.933815
8,5,8,1,31.928047
5,4,1,1,31.926067
4,5,2,2,31.867239
8,5,5,9,31.751326
4,10,10,6,31.546648
3,4,1,9,31.517561
10,4,1,9,31.461447
5,1,5,5,31.287758
10,8,2,2,31.220718
7,2,9,9,31.210953
6,6,6,9,31.190086
10,4,4,5,31.145508
10,1,1,3,31.140974
4,8,2,2,31.081951
4,6,7,8,31.046442
7,1,2,2,31.025524
5,3,3,4,31.025297
7,1,4,4,30.907846
10,1,3,3,30.86222
2,3,6,6,30.731007
2,2,10,6,30.674099
3,10,8,8,30.646852
10,7,7,6,30.63542
5,8,3,3,30.585514
4,2,2,3,30.578491
1,4,7,7,30.418217
6,2,8,6,30.289715
10,4,7,7,30.287954
1,6,4,10,30.119345
4,10,10,1,29.869053
2,3,10,1,29.758629
6,10,8,8,29.410604
10,4,4,6,29.288633
2,3,7,6,29.105429
7,5,9,9,29.059496
4,10,2,2,29.017237
1,10,3,3,28.989515
2,2,2,6,28.921171
1,3,6,6,28.875673
1,8,2,5,28.83919
2,4,1,9,28.816566
10,7,7,9,28.708324
1,3,1,1,28.509457
10,2,8,6,28.506035
1,3,4,4,28.29827
8,8,8,10,28.037365
6,6,3,6,28.02263
5,7,10,10,27.99026
2,8,1,1,27.966442
5,10,8,8,27.950447
9,5,5,5,27.81055
8,4,6,6,27.775923
1,1,1,8,27.73036
5,5,4,5,27.728819
10,1,2,2,27.666712
4,6,6,5,27.623796
6,4,4,2,27.554914
8,4,8,8,27.361977
8,10,6,6,27.317446
3,2,10,10,27.310268
10,5,9,9,27.283941
8,2,8,6,27.220564
4,4,4,7,27.159763
5,10,3,3,27.132038
2,8,8,6,27.025076
2,8,5,9,26.79409
4,1,10,10,26.773039
8,10,10,7,26.7715
4,7,1,1,26.749117
3,4,3,3,26.688162
5,7,2,2,26.666384
3,8,1,1,26.602732
7,2,10,10,26.599775
1,8,8,2,26.580397
8,7,9,9,26.497185
6,8,8,2,26.463833
6,1,5,5,26.301916
2,4,4,10,26.275816
10,3,3,4,26.104315
2,5,9,9,25.930805
3,7,2,2,25.894506
5,10,1,1,25.83976
6,8,8,9,25.8044
10,6,4,10,25.723495
7,5,2,2,25.638618
1,3,8,8,25.415081
8,9,6,6,25.411547
1,8,6,5,25.362555
1,9,2,2,25.242256
1,4,1,9,25.241915
6,3,1,1,25.17995
8,7,5,5,25.170134
8,5,5,10,25.162561
10,4,6,6,25.146982
9,10,10,10,25.116528
4,9,9,9,25.066137
10,3,6,6,25.047194
4,1,7,7,25.031885
8,1,10,10,24.98762
6,8,2,5,24.960577
1,4,6,6,24.865295
5,8,8,1,24.832523
1,8,8,1,24.824625
1,5,9,9,24.80468
4,5,5,9,24.79996
3,5,9,9,24.676682
3,1,5,5,24.42076
8,7,7,9,24.409155
4,6,5,10,24.393135
10,6,7,8,24.383064
8,2,6,6,24.34131
3,4,4,6,24.317717
6,10,1,1,24.18643
4,8,7,7,24.13999
3,6,3,3,24.134764
4,5,4,4,24.132584
5,3,7,7,24.04409
4,2,2,9,24.02179
5,10,10,1,24.00724
10,6,5,10,23.743189
4,6,4,10,23.61762
5,1,4,4,23.588926
1,2,6,6,23.587458
2,2,4,6,23.487045
6,7,7,6,23.408348
3,2,5,5,23.337196
4,1,2,2,23.252213
2,1,5,5,23.233168
3,8,8,1,23.06854
6,3,10,1,23.059643
5,6,10,10,23.028927
10,5,2,2,22.989603
6,8,8,3,22.974817
4,5,5,2,22.903246
6,8,6,5,22.835812
4,4,1,2,22.682138
10,6,6,5,22.605219
6,2,3,3,22.601904
2,4,6,6,22.469065
2,7,7,9,22.36347
1,10,10,1,22.31024
2,2,5,10,22.269215
8,7,7,6,22.215504
6,3,8,8,22.19384
6,6,6,7,22.16257
8,1,2,2,22.101175
1,4,4,10,22.078043
5,5,7,3,22.00807
7,4,1,9,22.002468
9,6,6,6,21.966484
10,7,3,3,21.916044
7,2,3,8,21.906637
5,1,3,3,21.851748
5,7,3,3,21.830084
5,6,1,7,21.808435
7,8,8,9,21.762327
8,1,1,3,21.715837
2,4,4,5,21.708221
4,8,1,1,21.670267
2,2,8,9,21.66008
1,4,3,3,21.636238
5,10,2,2,21.633022
3,2,8,6,21.562681
8,2,3,8,21.43459
5,8,5,9,21.390142
5,3,6,6,21.378191
1,10,10,6,21.27462
2,8,8,1,21.261074
8,2,2,3,20.903194
3,3,3,5,20.884035
1,4,4,6,20.869642
10,2,3,8,20.819551
8,6,1,7,20.639595
2,1,4,4,20.629028
10,8,7,7,20.53874
6,7,7,9,20.503056
2,10,3,3,20.469408
1,10,2,2,20.401443
8,5,2,2,20.396212
7,10,8,3,20.374283
3,4,5,3,20.359545
10,4,5,3,20.33211
3,2,2,3,20.223763
7,2,2,3,20.214529
10,8,1,1,20.209202
3,6,8,8,20.177849
9,2,2,2,20.16266
10,7,8,2,20.120651
2,4,4,6,20.05684
8,2,5,5,20.040802
7,10,10,9,20.023764
7,4,4,10,19.918184
5,3,1,1,19.896616
1,2,2,5,19.852732
3,10,6,6,19.755497
7,5,10,10,19.678728
3,10,1,1,19.576014
9,1,1,1,19.566387
3,9,9,9,19.537569
3,5,2,2,19.51912
6,6,6,3,19.433239
3,10,3,3,19.406815
6,9,6,6,19.404453
6,4,4,10,19.391554
1,5,4,4,19.386812
3,1,7,7,19.383919
10,4,2,2,19.3581
6,3,7,6,19.355085
8,3,1,1,19.313759
2,2,7,7,19.292578
1,2,10,10,19.19485
5,8,8,9,19.164448
8,4,2,2,19.136627
10,3,7,7,19.093292
3,4,9,6,19.067347
6,7,4,2,19.0434
8,8,4,10,19.040537
3,6,4,10,19.001434
10,4,9,6,18.968002
6,2,4,4,18.82692
3,4,5,2,18.779755
8,1,4,4,18.72039
7,6,3,3,18.69426
4,5,8,1,18.601473
1,4,4,5,18.56046
4,7,7,9,18.556244
8,10,1,1,18.554161
5,10,10,6,18.493284
5,3,5,5,18.492613
10,6,8,8,18.44663
8,9,2,2,18.398273
1,1,9,4,18.321218
8,8,3,9,18.262009
10,2,2,3,18.244934
2,7,7,6,18.220488
6,1,4,4,18.185255
7,10,6,5,18.183002
1,2,4,4,18.073568
5,3,4,4,18.005365
2,9,3,3,17.97582
7,5,5,9,17.86973
6,2,2,5,17.779572
8,8,9,3,17.765823
1,7,1,1,17.73263
6,6,10,9,17.676619
3,4,10,9,17.656254
1,8,8,9,17.548912
6,1,10,10,17.523758
3,8,8,2,17.422035
1,5,2,2,17.418541
7,4,4,5,17.381721
7,1,1,7,17.371742
2,2,1,1,17.365425
5,2,10,10,17.359167
5,1,10,10,17.339905
2,2,4,10,17.293633
7,6,1,7,17.285742
5,5,1,9,17.195185
2,1,7,7,17.173582
2,10,4,4,17.172504
8,10,3,3,17.090082
6,6,1,2,17.064564
2,10,1,1,16.992481
5,5,5,4,16.945702
7,10,10,4,16.869488
5,8,2,5,16.855324
2,7,8,9,16.847786
3,6,6,5,16.83879
8,2,2,9,16.836388
7,2,2,9,16.82286
3,2,3,8,16.793392
7,8,8,3,16.774443
5,6,2,2,16.769075
6,10,10,6,16.714022
6,5,2,2,16.712801
3,7,9,9,16.7044
9,9,7,7,16.678164
1,6,3,3,16.656862
7,4,4,6,16.645798
7,8,3,3,16.621628
5,6,3,3,16.561123
3,3,8,3,16.529812
10,4,10,9,16.512224
6,1,2,2,16.43547
6,10,2,2,16.434093
6,4,4,5,16.38233
2,2,6,9,16.364628
6,7,9,9,16.31906
7,3,8,8,16.309172
8,5,5,8,16.25445
10,8,3,3,16.243677
3,1,8,8,16.213806
4,4,6,7,16.198542
7,5,6,6,16.129797
8,7,8,9,16.120481
6,4,4,6,16.114271
3,8,2,5,16.104631
5,8,8,2,16.080688
5,8,6,5,16.032005
5,8,8,3,15.967573
1,7,9,9,15.908632
3,4,4,3,15.868303
5,4,4,10,15.852103
3,8,8,9,15.840056
3,3,5,4,15.795046
8,7,1,7,15.705588
3,5,5,2,15.69338
5,7,5,5,15.683645
7,5,8,1,15.652486
6,7,8,2,15.640614
3,1,2,2,15.63821
5,1,2,2,15.631262
7,2,4,4,15.6310005
6,10,10,1,15.576629
10,7,7,10,15.520691
3,8,6,5,15.518566
8,8,5,3,15.489768
1,4,5,3,15.434388
8,5,4,4,15.433158
2,8,3,3,15.386694
4,10,10,4,15.375549
4,8,3,3,15.3730135
3,8,8,3,15.335705
3,2,2,9,15.314111
8,8,10,6,15.300365
4,7,7,6,15.282452
5,3,8,8,15.2758
6,7,3,3,15.225443
3,3,5,8,15.178568
8,7,3,3,15.141838
3,3,8,4,15.095287
2,8,8,9,15.077868
5,5,9,8,15.056186
5,4,4,5,15.052654
7,2,5,5,14.992638
10,2,4,4,14.963559
1,1,3,8,14.957049
10,3,8,8,14.930688
8,1,1,9,14.923338
2,7,1,7,14.8819475
10,8,8,6,14.873823
3,3,5,10,14.862623
5,5,4,3,14.8518505
6,6,10,1,14.840502
10,4,5,2,14.8340845
2,3,8,8,14.818214
7,5,5,2,14.783799
4,5,10,10,14.737305
1,10,7,7,14.582701
8,4,10,7,14.542156
9,7,5,5,14.478482
4,3,5,5,14.466735
10,3,5,5,14.457265
10,2,2,9,14.45327
9,6,3,3,14.443714
10,10,9,6,14.428976
7,10,1,10,14.421163
7,1,1,3,14.392763
3,1,4,4,14.35133
10,6,1,7,14.340864
5,9,2,2,14.320395
4,10,8,3,14.292204
4,3,8,8,14.27831
2,4,9,6,14.274625
1,1,4,1,14.268659
3,5,5,9,14.265207
8,8,10,4,14.2304535
6,8,7,2,14.199569
7,8,4,3,14.195258
1,1,3,9,14.173917
8,7,7,10,14.166077
8,3,5,5,14.137877
2,3,5,5,14.12095
10,7,8,9,14.104748
1,4,9,6,14.086004
2,7,5,5,14.042948
10,4,4,3,13.978245
1,2,5,5,13.927774
3,4,2,2,13.874097
2,4,5,3,13.865442
10,1,1,7,13.859709
10,7,5,5,13.812895
4,10,10,9,13.777581
9,9,8,8,13.766664
6,8,7,5,13.76462
5,3,10,1,13.741035
2,1,10,10,13.720623
4,8,5,9,13.716181
6,8,4,3,13.660053
10,8,5,9,13.616657
4,2,9,9,13.615705
2,8,8,3,13.611713
7,1,8,8,13.581681
10,7,7,3,13.573736
2,5,4,4,13.538884
2,10,10,1,13.538409
8,3,3,8,13.516487
6,7,8,9,13.47534
4,1,1,3,13.472763
10,7,1,7,13.339866
3,5,8,1,13.25317
7,10,6,3,13.217544
1,7,7,6,13.185174
4,1,1,7,13.169967
10,10,4,1,13.135833
1,9,6,6,13.10859
1,7,4,2,13.090534
4,4,6,5,13.088389
3,10,4,4,13.08533
7,9,6,6,13.0196085
5,7,1,1,13.016025
1,7,7,8,12.992621
3,10,10,7,12.986056
8,9,6,1,12.9805355
4,5,5,10,12.918542
1,8,8,3,12.915204
8,1,8,8,12.8888
1,9,8,8,12.884162
5,4,4,2,12.824875
9,3,3,3,12.82106
1,6,1,7,12.745153
1,1,6,6,12.713999
7,5,5,10,12.618132
2,4,5,2,12.593362
3,5,4,4,12.458559
6,6,6,4,12.455595
5,9,6,6,12.379798
2,2,2,1,12.377193
4,7,1,7,12.354036
2,6,5,10,12.351934
10,10,5,5,12.350287
2,8,6,5,12.315733
7,10,4,4,12.277979
10,8,8,1,12.275803
2,7,3,3,12.240528
3,8,10,10,12.2181425
1,7,7,9,12.098508
4,10,6,5,12.053468
1,5,5,2,11.981892
5,3,7,6,11.965875
8,7,10,4,11.961656
1,5,10,10,11.93137
4,5,5,8,11.927977
4,7,3,3,11.881658
2,8,2,5,11.848374
4,1,8,8,11.828857
2,8,8,2,11.813095
1,7,5,5,11.800469
8,7,7,3,11.7862835
1,8,3,3,11.778061
4,8,8,6,11.734505
4,5,6,6,11.683823
10,7,10,4,11.647518
5,4,10,7,11.611058
2,7,7,3,11.588907
6,9,2,2,11.569307
3,5,5,10,11.555476
7,4,5,3,11.537883
10,1,1,9,11.48004
6,4,1,9,11.47798
6,7,7,3,11.445798
8,5,10,10,11.36914
5,5,2,6,11.359981
4,7,8,9,11.355766
5,4,4,6,11.223075
7,8,7,2,11.158443
10,7,3,8,11.15608
4,6,3,3,11.140398
2,10,10,6,11.110034
3,1,10,10,11.093348
10,9,3,3,11.05943
8,1,1,7,11.054924
4,4,5,8,11.05409
10,5,4,4,11.034783
1,10,10,9,11.014443
8,9,9,7,10.990158
2,1,8,8,10.987133
7,10,6,8,10.96926
4,4,8,8,10.936524
1,4,2,2,10.934894
4,6,1,7,10.92082
4,8,8,1,10.912773
2,4,10,9,10.8948555
5,8,10,10,10.890221
9,8,5,5,10.8606825
8,9,8,8,10.845402
6,7,7,10,10.812148
7,4,10,9,10.739305
10,7,7,2,10.69534
2,2,2,4,10.685386
8,6,7,9,10.651724
9,2,9,9,10.633525
6,6,2,3,10.615121
9,6,7,7,10.595716
2,2,1,3,10.544354
5,10,10,9,10.530114
10,10,4,6,10.527175
9,7,8,8,10.524918
8,7,5,9,10.462063
7,4,9,6,10.4394045
1,10,8,3,10.438794
5,10,8,3,10.398341
1,5,8,1,10.374784
5,5,4,10,10.3675165
1,7,8,2,10.362832
6,4,10,9,10.356934
6,7,1,7,10.348418
2,7,10,4,10.32508
1,7,3,3,10.314129
6,4,2,2,10.271944
7,9,7,7,10.248958
1,8,10,10,10.214354
7,8,7,5,10.183422
8,6,6,8,10.139755
4,10,6,3,10.13959
9,4,4,4,10.130956
9,1,2,2,10.107131
5,5,10,3,10.094765
2,2,7,6,10.0730915
2,9,2,2,10.0282
7,1,1,9,10.013628
10,8,8,9,9.996333
1,5,5,10,9.966562
2,4,4,3,9.939122
10,7,8,4,9.938877
4,7,7,10,9.894501
2,2,4,5,9.891484
4,10,1,10,9.8744755
7,7,4,5,9.870863
5,10,7,7,9.801089
7,5,4,4,9.765946
2,6,6,5,9.745113
5,10,5,5,9.735785
1,1,7,9,9.730391
10,3,10,1,9.727313
9,7,4,4,9.718638
6,4,9,6,9.634999
6,10,4,4,9.634849
1,9,7,7,9.603453
3,7,7,6,9.598469
5,7,7,8,9.588518
8,6,6,10,9.579043
2,6,4,10,9.564501
6,10,10,9,9.553539
7,7,2,7,9.527445
10,7,10,6,9.4799185
1,9,9,7,9.46044
10,7,6,4,9.42579
8,4,4,10,9.414635
10,7,7,5,9.411442
3,2,4,4,9.399142
6,5,4,4,9.3525
5,1,7,7,9.34514
7,4,5,2,9.33131
8,2,10,10,9.315749
3,7,7,9,9.25245
1,4,10,9,9.221051
5,10,10,4,9.195035
10,9,2,2,9.17781
4,9,2,2,9.162921
4,10,6,8,9.1550665
6,10,8,3,9.132849
4,7,10,4,9.120711
7,4,4,3,9.11129
6,7,10,4,9.102281
3,8,7,2,9.069069
5,5,3,10,9.065281
2,6,3,3,9.034449
6,2,2,9,9.015935
10,7,2,9,9.005216
5,7,4,2,8.9565325
7,7,4,6,8.910359
8,7,10,6,8.90634
3,10,5,5,8.8899355
1,2,2,3,8.849111
6,8,3,3,8.845073
7,3,5,5,8.7989435
8,3,9,9,8.797696
6,4,5,3,8.793135
5,5,3,8,8.775472
9,4,10,7,8.77003
8,4,4,5,8.74584
5,5,9,7,8.715303
5,9,6,1,8.708641
5,2,4,4,8.697421
4,9,6,6,8.681032
5,1,8,8,8.679684
10,6,6,10,8.669218
10,8,6,5,8.661979
1,10,10,4,8.646318
5,4,5,2,8.61272
8,5,5,3,8.596045
6,5,10,10,8.59515
4,7,5,5,8.581312
5,8,4,3,8.552902
10,7,1,8,8.528152
1,8,4,3,8.527184
5,10,6,5,8.526884
4,5,5,3,8.522143
8,6,3,3,8.50306
4,4,7,8,8.494493
4,7,7,3,8.487158
3,6,1,7,8.466559
2,5,6,6,8.396472
10,10,3,9,8.381154
1,4,5,2,8.38052
4,2,4,4,8.377327
6,4,4,3,8.368725
5,7,9,9,8.357455
2,5,10,10,8.349251
9,9,3,3,8.3435545
1,2,1,1,8.337568
5,9,8,8,8.2954645
9,8,9,9,8.287756
3,8,4,3,8.283108
5,8,7,2,8.282837
3,7,5,5,8.278814
7,1,2,9,8.276153
1,2,2,9,8.263016
1,8,7,2,8.258745
10,7,2,6,8.258678
7,3,3,8,8.236361
10,1,2,9,8.229097
5,5,6,6,8.190584
1,4,4,3,8.143092
2,8,4,3,8.10567
10,8,2,5,8.035081
6,4,5,2,8.031289
7,10,9,9,8.030398
10,7,10,3,7.98796
10,8,8,2,7.976078
1,10,6,5,7.9527116
6,7,8,4,7.936417
10,3,9,9,7.9256444
2,3,9,9,7.873404
5,7,7,6,7.8731112
7,7,2,5,7.8571787
6,2,2,3,7.837479
1,1,6,7,7.830691
9,6,10,10,7.8295665
6,10,10,4,7.8091617
2,9,6,6,7.7904086
10,3,7,6,7.785124
3,8,7,5,7.7688456
1,9,6,1,7.76461
4,8,8,3,7.757039
3,7,8,9,7.7335577
8,7,8,4,7.72776
5,4,9,6,7.688063
1,5,6,6,7.667881
6,10,6,5,7.658915
1,2,3,8,7.6150517
3,9,2,2,7.583054
8,1,5,2,7.5591416
7,9,9,7,7.556663
8,3,3,9,7.542733
9,5,8,8,7.534029
8,5,9,5,7.4920664
10,6,7,10,7.4733768
6,6,8,1,7.4410987
10,1,5,2,7.433186
7,9,6,1,7.4003415
5,9,9,7,7.3918633
6,3,9,9,7.3682528
5,8,7,5,7.356733
6,5,6,6,7.3206406
5,4,10,9,7.304373
10,2,9,9,7.2873874
4,5,9,5,7.28192
2,8,7,2,7.2584815
9,6,5,5,7.2538495
10,8,10,10,7.2536845
5,4,4,3,7.2459936
1,8,7,5,7.2349105
6,9,7,7,7.2283683
6,6,9,9,7.2086906
6,1,8,8,7.1834784
5,10,4,4,7.180481
4,7,10,6,7.1766443
6,2,9,9,7.1700335
10,10,7,2,7.104632
1,10,6,8,7.0901194
7,6,2,2,7.0860023
8,4,4,2,7.083043
8,2,9,9,7.053972
6,6,4,1,7.02872
2,10,10,9,7.001344
5,7,7,9,6.9510617
9,5,1,1,6.9417076
1,10,1,10,6.8783593
9,5,4,4,6.8724494
4,8,8,9,6.842485
8,10,4,4,6.8364177
5,4,5,3,6.8118057
10,7,9,6,6.7981715
8,4,4,6,6.787033
5,7,8,2,6.778513
1,10,6,3,6.7701364
6,7,7,2,6.759142
2,6,9,9,6.757246
1,3,5,5,6.754571
5,2,9,9,6.740545
4,9,1,1,6.7053227
8,5,9,6,6.688352
1,7,7,10,6.6764636
10,10,1,7,6.6704955
5,4,1,9,6.6525245
6,7,10,6,6.612134
4,1,1,9,6.6057906
5,9,5,5,6.5968246
5,4,8,8,6.5954595
2,9,9,7,6.5923347
9,10,6,6,6.563933
5,10,6,3,6.511733
8,2,4,4,6.4924474
9,1,5,5,6.453746
3,7,10,4,6.4441824
10,10,10,3,6.4424877
6,7,7,5,6.4168367
9,2,8,8,6.3729687
5,10,1,10,6.340051
6,10,6,3,6.3301177
6,9,3,3,6.326149
3,9,6,6,6.319248
2,10,8,3,6.3152227
3,9,1,1,6.3119245
6,7,2,9,6.270454
6,7,6,4,6.2523394
9,2,3,3,6.2437143
2,1,1,3,6.2403693
2,8,7,5,6.2325597
1,7,8,9,6.1935353
5,7,8,9,6.1915207
9,9,1,1,6.1868687
3,7,7,10,6.1423855
6,3,5,5,6.120263
6,9,9,7,6.1157265
6,1,1,3,6.1145754
6,2,3,8,6.0874596
4,4,4,9,6.065883
8,7,2,9,6.0640697
9,8,4,4,6.032095
8,7,7,5,6.022691
9,10,3,3,6.014458
3,7,7,3,6.009778
1,2,9,9,5.999639
5,10,6,8,5.9924707
8,8,5,10,5.984953
10,1,6,6,5.9796424
2,2,6,10,5.9766355
8,7,7,2,5.9707384
6,2,7,7,5.9432936
10,9,4,4,5.936508
10,2,2,10,5.9317145
4,8,2,5,5.929122
6,7,3,8,5.926479
7,1,5,2,5.925562
6,1,1,7,5.9186635
8,1,10,7,5.9065566
9,7,5,9,5.9000587
3,7,1,7,5.8794856
9,6,4,4,5.876274
10,7,5,9,5.865467
10,10,5,2,5.8578997
1,7,8,4,5.856262
9,8,1,1,5.830278
10,9,6,6,5.806059
7,2,2,7,5.798959
10,8,4,3,5.758488
8,9,7,7,5.723874
4,1,10,7,5.71593
1,5,5,8,5.6936073
9,10,7,7,5.6900744
6,10,1,10,5.6519265
8,9,1,1,5.64694
8,10,2,2,5.639369
2,10,10,4,5.6258316
10,2,7,7,5.584487
5,3,9,9,5.5843234
2,7,5,9,5.559427
5,7,1,7,5.544718
9,6,6,1,5.531458
6,9,6,1,5.5200825
2,6,2,2,5.490195
2,9,6,1,5.4681325
9,9,3,8,5.45129
8,7,3,8,5.4126697
2,5,5,8,5.409805
1,7,7,3,5.405898
4,5,9,6,5.403189
6,9,1,1,5.401609
4,8,6,5,5.398673
4,8,8,2,5.3185725
6,7,10,3,5.305836
4,4,6,1,5.2898088
4,4,9,8,5.2761197
8,3,3,6,5.272423
4,1,5,8,5.2676125
9,9,2,3,5.2552614
10,4,4,1,5.247303
3,6,3,4,5.2368283
5,6,3,4,5.233787
9,8,3,3,5.2336907
10,8,8,3,5.2284765
3,10,2,2,5.214177
8,1,2,9,5.1787844
4,1,1,4,5.1707745
6,7,1,8,5.170021
8,6,9,9,5.16955
9,8,8,6,5.1678553
8,1,5,8,5.1605124
6,7,2,6,5.146304
9,4,1,1,5.1395793
4,6,2,2,5.105394
10,6,6,8,5.0815043
6,7,9,6,5.077367
8,4,1,9,5.050642
4,7,8,4,5.0169344
3,10,10,6,5.0161276
9,8,7,7,4.9729476
3,2,9,9,4.9679565
10,10,10,5,4.931436
8,4,9,6,4.9310584
2,3,3,8,4.9262714
7,9,8,8,4.912693
5,3,3,8,4.908557
1,6,3,4,4.9050684
2,10,9,9,4.902174
10,10,7,6,4.895222
1,7,1,7,4.8871617
9,9,10,10,4.8847322
6,6,4,6,4.8689494
9,10,9,9,4.85259
8,7,6,4,4.848629
6,10,6,8,4.838131
9,7,7,8,4.83095
7,6,6,9,4.824945
7,5,5,8,4.82412
10,1,1,10,4.8205633
4,1,5,2,4.8134656
10,6,7,9,4.8093967
3,3,1,7,4.792361
2,7,7,10,4.775605
9,7,9,9,4.762323
7,1,10,7,4.7603197
1,7,7,5,4.73102
10,9,7,7,4.7229776
3,6,2,2,4.7213573
4,10,9,9,4.7145133
4,1,2,9,4.7133303
1,7,10,4,4.7037683
9,5,3,3,4.682416
4,4,3,3,4.651845
1,6,2,2,4.645656
5,1,1,3,4.6427813
4,3,3,8,4.629203
5,7,7,10,4.6047363
9,1,4,4,4.6045456
2,10,6,5,4.600124
8,2,7,7,4.58199
9,6,1,1,4.573819
6,6,10,6,4.5464845
9,8,2,2,4.528474
4,9,6,1,4.4998994
10,1,1,4,4.492631
8,3,8,6,4.487056
10,6,2,2,4.4823885
9,7,4,2,4.4732037
8,10,10,1,4.468928
8,4,4,3,4.4533534
8,6,2,2,4.440121
6,5,5,8,4.4386234
9,3,10,10,4.4319067
1,3,9,9,4.4166055
9,10,8,8,4.4123964
1,7,9,6,4.4097433
4,8,7,2,4.3964524
9,9,9,6,4.385668
8,7,9,6,4.372683
10,5,5,8,4.332427
3,10,10,1,4.3238463
7,3,9,9,4.31224
9,6,8,8,4.3043365
8,4,5,3,4.298069
9,5,5,2,4.2664433
6,7,5,5,4.2594275
8,4,10,9,4.2587647
3,5,5,8,4.2583055
8,10,5,5,4.253555
3,3,10,4,4.2530994
4,4,6,4,4.2252774
2,7,8,4,4.21988
8,4,3,3,4.198478
3,9,3,3,4.18729
6,3,3,8,4.1868916
10,9,6,1,4.1843457
8,1,1,4,4.1490526
3,8,8,4,4.133751
4,8,10,10,4.1176133
3,7,5,9,4.1078625
2,6,1,7,4.0969763
9,1,7,7,4.0776806
4,9,8,8,4.063256
10,10,4,9,4.05495
6,1,1,9,4.042139
2,7,10,6,4.039949
1,10,9,9,4.032376
8,5,4,5,4.0246825
10,1,10,7,4.012695
7,6,7,9,3.9997873
6,6,10,7,3.9971108
8,7,2,6,3.9954178
4,1,4,5,3.9903822
3,5,10,10,3.977923
4,7,5,9,3.9757626
1,2,7,7,3.9553795
8,7,10,3,3.943769
3,1,1,9,3.9381027
1,7,10,3,3.9109025
7,6,6,8,3.9041624
7,1,1,4,3.8901832
7,6,6,10,3.8896456
2,9,1,1,3.877844
2,1,1,7,3.858368
7,2,3,9,3.8541367
9,3,1,1,3.848484
7,5,7,7,3.8281827
10,1,5,8,3.825529
1,7,6,4,3.82529
4,8,4,3,3.822949
8,4,5,2,3.8197875
5,7,7,3,3.8196747
9,3,4,4,3.814416
2,10,6,8,3.8020267
9,9,2,9,3.8004653
2,10,1,10,3.7770748
7,4,3,3,3.7749999
4,6,9,9,3.7520466
5,7,8,4,3.7245946
8,9,4,4,3.7110755
3,7,8,4,3.6983123
3,7,10,6,3.691734
2,7,7,5,3.6861472
5,9,1,1,3.683935
4,7,7,2,3.6756222
8,10,10,6,3.6591835
9,6,3,4,3.6529224
2,7,7,2,3.649279
7,6,6,7,3.6486464
1,7,10,6,3.6453156
7,6,7,10,3.6429665
3,5,5,3,3.6341999
1,7,7,2,3.62679
9,2,5,5,3.6191385
9,2,6,6,3.6161413
2,10,6,3,3.6077461
4,5,4,5,3.6075451
3,5,9,5,3.5857832
8,7,1,8,3.573849
3,9,9,7,3.5732105
5,1,1,7,3.5711281
9,6,7,8,3.5435658
4,3,3,9,3.5355637
1,7,2,9,3.529222
8,1,4,5,3.5101264
4,8,7,5,3.4993577
9,9,9,4,3.4686646
10,1,1,2,3.453159
8,5,7,7,3.4418423
6,6,7,5,3.4309256
8,10,9,9,3.4283214
8,6,3,4,3.4222422
4,3,3,6,3.4210804
9,2,10,10,3.42006
10,2,2,7,3.4196563
5,1,1,2,3.3893318
7,1,5,8,3.3790069
10,4,1,2,3.3699427
4,2,7,7,3.3653333
9,4,5,5,3.3522208
1,7,1,8,3.307219
10,5,7,7,3.302132
5,7,10,4,3.301375
3,6,6,8,3.300486
9,1,10,10,3.2884398
4,7,7,5,3.2858903
8,3,6,10,3.284307
2,7,2,9,3.2628963
6,1,2,9,3.2506413
9,8,5,9,3.2435634
7,2,2,10,3.2302227
8,10,10,9,3.2288702
7,1,4,5,3.2170365
4,9,9,7,3.2134824
10,6,3,4,3.2090456
9,10,4,4,3.205076
4,4,10,5,3.2002144
9,4,8,8,3.2000349
4,4,1,6,3.194202
5,3,3,9,3.1934297
10,4,3,3,3.157761
9,4,7,7,3.1430616
9,5,8,1,3.1301112
1,4,8,8,3.1110098
6,9,8,8,3.1058896
6,1,10,7,3.0988111
9,8,10,10,3.0856075
3,5,6,6,3.0759087
10,3,3,8,3.0757072
6,6,9,3,3.073001
10,9,9,7,3.0666764
8,3,1,10,3.0645492
4,4,2,7,3.0601926
1,9,1,1,3.0543272
1,6,6,8,3.029103
10,4,4,7,3.0064416
9,9,9,8,2.9968393
5,7,10,6,2.9881654
6,3,3,9,2.985557
2,5,9,6,2.9797018
2,9,8,8,2.956701
6,1,5,8,2.9365826
1,7,5,9,2.9363816
3,5,9,6,2.9337068
5,2,2,10,2.933484
10,1,1,8,2.9292588
10,8,7,2,2.9212017
10,9,1,1,2.920434
9,6,2,2,2.9176373
5,3,6,10,2.917422
7,4,4,1,2.9096742
4,9,4,4,2.907551
4,7,9,6,2.8900201
1,7,3,8,2.8852367
1,4,4,1,2.8614478
2,5,9,5,2.8527308
4,7,2,9,2.851694
7,6,6,3,2.8457987
4,8,8,4,2.8438373
9,5,7,7,2.817737
1,5,5,1,2.793148
6,8,10,10,2.757507
6,4,4,1,2.7490966
9,3,6,6,2.7463024
4,4,1,8,2.7361825
5,10,9,9,2.7330425
9,9,8,3,2.71879
2,1,1,2,2.7166488
7,5,5,3,2.6899114
9,2,4,4,2.6884985
1,7,2,6,2.6732464
3,6,7,10,2.6655262
9,6,9,9,2.662049
8,10,10,4,2.6537685
4,3,8,6,2.6514995
9,1,3,3,2.6273966
3,10,8,3,2.6136186
3,7,7,5,2.6100752
10,9,8,8,2.6095798
8,4,4,1,2.6007962
5,1,2,9,2.598398
6,10,9,9,2.5939279
6,2,2,10,2.5886912
7,1,1,2,2.5885322
2,8,10,10,2.5808794
10,2,3,9,2.574509
10,1,4,5,2.5712702
3,6,9,9,2.5711122
3,6,7,9,2.5704606
6,5,7,7,2.56973
3,6,6,10,2.5687487
1,9,3,3,2.5614116
9,9,5,5,2.552444
7,6,3,6,2.5433934
3,7,3,8,2.5267618
7,9,3,3,2.5233603
8,10,8,3,2.5159202
3,10,10,4,2.5136995
10,6,3,6,2.5111513
8,3,5,1,2.5077727
4,3,6,10,2.5030115
7,6,1,2,2.4980612
9,9,7,3,2.4958613
2,3,3,9,2.4846578
4,3,1,10,2.4783368
9,6,5,10,2.4758742
6,6,7,6,2.4664497
9,1,8,8,2.4588542
5,7,7,2,2.4557323
6,3,3,6,2.4492865
6,5,9,5,2.4450827
5,2,7,7,2.4402897
2,7,3,8,2.4323301
2,7,9,6,2.431267
3,7,7,2,2.4298491
9,10,1,1,2.428198
5,3,3,6,2.4252512
2,1,2,9,2.4245162
3,10,10,9,2.411341
2,5,7,7,2.410914
5,4,4,1,2.403691
3,9,7,7,2.400133
6,9,4,4,2.396756
7,8,10,10,2.3919728
6,1,5,2,2.3907151
1,2,2,10,2.3895829
2,5,5,3,2.387422
3,9,6,1,2.387279
1,6,9,9,2.3865087
9,4,6,6,2.3549428
9,5,5,8,2.3442101
5,2,2,7,2.3416412
6,1,6,6,2.340624
6,6,2,6,2.3214357
9,8,8,2,2.318723
8,4,1,2,2.318682
9,3,7,7,2.3062239
1,1,2,1,2.3032765
1,6,7,9,2.2999136
4,5,7,7,2.2991018
3,2,2,10,2.2946138
9,8,8,9,2.283392
2,7,2,6,2.2795517
2,1,1,10,2.2776668
9,7,8,2,2.2710567
9,3,3,4,2.255571
3,3,1,4,2.2523975
3,8,8,10,2.252359
1,6,7,10,2.2489152
2,9,7,7,2.2489073
2,7,10,3,2.2387154
7,6,3,4,2.234419
7,6,9,9,2.2326167
9,7,6,6,2.2170935
5,7,7,5,2.215227
1,1,8,4,2.2069929
5,2,3,9,2.203683
2,6,3,4,2.2016258
2,1,1,8,2.199223
1,3,3,8,2.1809583
9,5,5,9,2.1674328
3,9,10,10,2.1666894
4,9,7,7,2.1544235
7,1,1,8,2.1487794
7,1,1,10,2.1422586
2,7,6,4,2.138747
4,5,5,1,2.136031
1,5,9,5,2.1340148
7,5,4,5,2.1328328
4,7,3,8,2.131795
1,1,1,6,2.1281629
1,8,8,4,2.1273866
5,9,10,10,2.125275
2,6,6,8,2.1252143
6,4,3,3,2.124822
8,5,5,1,2.1184733
3,7,2,9,2.1058846
5,3,1,10,2.1052206
2,5,5,1,2.104344
5,6,7,9,2.0959637
10,6,9,9,2.0734828
3,10,6,5,2.0416727
1,5,7,7,2.0363946
7,5,9,5,2.035437
3,1,1,7,2.0337186
9,2,8,6,2.0304682
5,1,1,9,2.029246
2,7,1,8,2.0253937
6,5,5,3,2.0188346
6,7,5,9,2.0176597
8,10,6,5,2.0132706
10,5,5,1,2.0010202
2,1,1,9,1.9989545
3,7,9,6,1.992961
10,4,8,8,1.9853858
3,2,7,7,1.9840845
9,8,8,1,1.9779615
3,9,8,8,1.9711026
5,6,10,9,1.9694846
2,4,3,3,1.967633
6,3,1,10,1.955993
1,4,1,2,1.9544551
4,7,6,4,1.947776
5,1,10,7,1.9356107
10,8,7,5,1.9256843
9,3,9,9,1.9201481
7,8,4,10,1.9118233
10,1,9,4,1.9113429
2,6,6,10,1.8871591
5,6,6,8,1.8659588
9,3,8,8,1.8632861
6,4,8,8,1.8511971
5,2,4,6,1.8413368
1,2,2,7,1.8344064
5,4,3,3,1.8336736
2,1,5,2,1.8151076
3,6,3,6,1.7961004
9,5,2,2,1.7959028
4,1,1,2,1.7891012
4,4,5,7,1.7879153
2,6,6,9,1.7848957
9,8,6,5,1.7845021
6,3,6,10,1.7834208
9,5,10,10,1.7684635
6,1,4,5,1.7644322
4,6,7,10,1.7587909
3,10,1,10,1.7549297
7,2,10,6,1.7494049
10,5,9,5,1.7452867
7,4,8,8,1.739955
9,10,10,7,1.7334884
9,8,8,3,1.7289749
9,7,10,10,1.725921
6,3,8,6,1.7257648
6,4,1,2,1.7061775
9,2,2,5,1.7053866
9,5,5,10,1.7043949
6,1,1,10,1.7043934
5,7,2,9,1.6853514
7,4,1,2,1.6817858
10,4,6,5,1.68047
5,6,6,10,1.6746253
3,10,6,3,1.6720144
6,1,1,2,1.665626
7,4,4,7,1.6530381
5,1,1,10,1.6479366
5,1,5,8,1.6475159
10,4,6,7,1.6449554
3,8,3,9,1.6399789
5,7,5,9,1.638129
1,5,5,3,1.6306623
4,7,10,3,1.6267439
5,8,8,4,1.6204565
10,4,7,8,1.6197354
9,9,4,4,1.619331
3,1,5,2,1.6143988
7,2,5,10,1.6088012
6,5,9,6,1.6073518
5,1,5,2,1.6001538
10,5,9,6,1.596186
9,2,2,3,1.5958765
9,10,10,1,1.59055
4,6,6,8,1.5854805
1,3,3,9,1.58012
3,7,1,8,1.5770874
9,1,1,10,1.5755875
3,5,5,1,1.5708009
8,4,5,8,1.5652286
7,9,1,1,1.5621623
8,9,3,3,1.5581876
10,9,10,10,1.5545521
2,5,4,5,1.5525494
5,9,3,3,1.5486895
6,4,4,7,1.5447685
3,7,6,4,1.5390167
8,5,6,6,1.537801
10,1,4,1,1.5372608
2,6,10,9,1.5326086
2,6,7,9,1.5313617
2,3,3,6,1.5291548
6,1,1,4,1.5268315
4,4,2,3,1.5237774
4,7,2,6,1.5226
5,7,2,6,1.5204173
9,10,2,2,1.5158771
5,7,3,8,1.5082785
4,9,3,3,1.5059063
8,3,5,8,1.4943959
8,1,1,2,1.4942732
4,6,7,9,1.4936595
4,7,1,8,1.493499
3,7,2,6,1.4888412
6,2,2,6,1.4778795
8,10,1,10,1.4771471
2,5,7,3,1.476263
9,1,5,2,1.4750535
10,5,5,3,1.4716773
5,7,6,4,1.4710633
5,4,4,7,1.4702276
3,1,2,9,1.4661578
1,2,10,6,1.4625801
4,6,6,10,1.4588594
1,5,4,5,1.457098
8,4,4,7,1.4563082
2,6,6,7,1.4534049
6,9,10,10,1.4476609
9,1,1,7,1.4438024
5,3,8,6,1.4428899
2,6,7,10,1.429335
2,3,1,10,1.4266118
8,5,9,8,1.4229412
3,10,6,8,1.4182729
4,5,5,4,1.4154365
5,1,1,8,1.4110494
2,7,4,6,1.405945
6,5,1,9,1.4027882
8,3,5,10,1.402325
9,9,8,4,1.3917397
9,1,6,6,1.3917011
2,1,5,8,1.3867972
2,3,6,10,1.384798
7,7,4,10,1.3847789
4,2,5,10,1.383683
9,6,10,1,1.3803141
8,1,6,6,1.3800755
9,7,1,1,1.3771882
5,9,7,7,1.3701167
5,2,10,6,1.3598562
5,10,9,6,1.3545436
1,2,5,10,1.3407396
1,6,3,6,1.3258233
10,3,3,9,1.3180982
9,9,6,8,1.3178855
9,5,7,3,1.3105901
9,3,10,1,1.3094106
10,1,3,8,1.3081247
7,5,9,6,1.3071831
9,1,5,8,1.3061886
5,7,9,6,1.3043416
1,5,9,6,1.3035417
3,2,2,7,1.2994986
4,1,1,10,1.2993511
8,1,1,8,1.2984786
8,3,5,4,1.2962852
8,1,1,10,1.2926956
7,1,9,4,1.2864649
1,2,2,6,1.2795426
6,2,2,7,1.277279
3,5,4,5,1.2767922
6,2,3,9,1.2762154
4,1,6,6,1.2756362
6,2,10,6,1.2727495
3,2,2,6,1.2724835
9,3,5,5,1.2616564
8,3,8,3,1.2588481
9,7,3,3,1.2575915
8,10,6,3,1.2552168
9,5,1,9,1.2540895
10,2,5,10,1.2512608
2,4,8,8,1.2505227
7,6,4,1,1.2503948
7,2,6,9,1.2468319
9,2,2,9,1.2465385
5,3,5,8,1.2409643
5,7,10,3,1.2360824
3,2,1,1,1.225267
10,6,2,3,1.221545
9,5,9,5,1.2160234
4,10,5,5,1.2158962
7,8,8,4,1.2130895
3,8,9,3,1.2112322
9,5,5,3,1.2091303
10,3,3,6,1.2084949
7,1,3,8,1.2051964
8,3,3,5,1.2050827
10,3,1,10,1.2035848
9,2,2,10,1.1970389
6,5,5,1,1.193463
4,8,3,9,1.1931081
1,6,6,10,1.1861744
3,5,7,7,1.1814106
2,1,10,7,1.1767169
6,1,7,9,1.1760461
5,3,8,3,1.1724832
10,5,1,9,1.1709428
9,9,9,5,1.1682959
5,1,9,4,1.1650856
1,4,4,7,1.1648629
9,10,10,6,1.1628237
7,9,4,4,1.1619451
2,1,1,4,1.1600115
5,4,1,2,1.1585741
6,5,4,5,1.1565461
10,5,4,5,1.1563761
2,6,3,6,1.1545556
9,8,2,5,1.151149
4,8,10,4,1.1508683
9,6,4,10,1.1491733
3,7,10,3,1.1456977
9,5,4,3,1.1441174
9,1,2,9,1.1428641
4,6,6,7,1.1408023
3,8,10,4,1.1334877
2,10,9,6,1.1268643
10,8,8,4,1.126703
4,6,3,6,1.1234051
8,5,1,9,1.1164649
9,4,2,2,1.1159587
3,2,10,6,1.112658
3,2,4,6,1.1081325
3,10,9,9,1.1055856
10,5,7,3,1.1049286
5,2,5,10,1.103492
6,4,6,7,1.1022077
7,4,6,5,1.1018316
9,1,1,2,1.0950301
5,1,3,8,1.0931168
1,2,3,9,1.0929092
8,10,6,8,1.0922276
6,2,4,6,1.0919719
2,6,1,2,1.089986
2,6,10,1,1.0878341
3,2,8,9,1.0814602
6,2,5,10,1.0807102
4,8,10,6,1.07994
9,8,10,6,1.0766209
7,2,1,1,1.073359
1,10,9,6,1.0711433
10,3,6,10,1.0638316
5,6,7,10,1.0582114
8,3,8,4,1.0581905
9,6,6,5,1.0570178
4,2,2,10,1.051625
3,2,6,9,1.0485294
2,10,5,5,1.0467858
10,3,5,1,1.0467222
10,6,10,1,1.046623
4,8,8,10,1.0407661
2,5,1,9,1.0405769
3,4,8,8,1.0399063
1,5,7,3,1.0368885
5,8,3,9,1.036805
6,2,6,9,1.0307969
8,5,7,3,1.0297186
1,8,4,10,1.0198957
4,6,3,4,1.0194646
7,8,10,6,1.0190278
9,9,8,1,1.0168808
1,4,6,7,1.0136384
2,9,10,10,1.0120244
5,2,2,6,1.0089447
5,2,8,9,1.0077919
10,3,8,6,1.0024216
9,8,7,5,1.0019265
5,8,10,6,1.0009857
8,6,7,10,0.99872774
3,5,7,3,0.9953292
4,1,9,4,0.9938539
4,6,6,9,0.99369496
6,8,8,4,0.99063414
6,2,4,10,0.9905994
10,4,5,8,0.98987913
5,10,4,1,0.9894448
8,2,5,10,0.98889685
9,7,1,7,0.98750883
4,1,7,9,0.9854857
2,5,4,3,0.9831231
5,5,3,4,0.9808765
2,9,5,5,0.9790851
2,3,8,6,0.97494656
1,5,9,8,0.9743423
7,10,4,1,0.97304887
5,6,1,2,0.9726543
5,3,5,1,0.9722478
7,5,7,3,0.9710369
5,1,4,1,0.970484
4,1,3,8,0.9644796
9,8,4,10,0.96089274
9,1,10,7,0.95944875
1,2,2,1,0.9578401
5,1,6,6,0.95761186
5,6,3,6,0.9549887
2,3,5,1,0.943978
6,2,1,1,0.94193137
7,5,5,1,0.94135034
3,1,1,2,0.93792903
10,5,9,8,0.93082464
9,6,10,9,0.9300013
10,2,6,9,0.92565614
5,1,1,4,0.9217655
1,8,8,10,0.9195308
9,2,3,8,0.9177382
5,4,6,7,0.91741514
9,1,6,7,0.91502196
4,10,9,6,0.91462016
3,8,4,10,0.91436374
7,6,10,1,0.9102058
5,1,4,5,0.9095066
6,5,9,8,0.9076852
5,9,4,4,0.9062473
7,2,4,6,0.9043368
4,10,4,6,0.9042257
7,6,6,4,0.9011502
3,1,10,7,0.8987061
2,2,10,4,0.89199245
8,2,2,10,0.89079547
3,5,9,8,0.88356274
3,1,5,8,0.8832325
1,5,2,6,0.87843424
7,9,5,5,0.8775741
9,9,9,3,0.877564
7,8,5,3,0.8757817
7,2,2,6,0.8756838
5,8,4,10,0.8756437
2,1,4,5,0.8727147
7,4,6,7,0.8724977
10,2,10,6,0.8717106
5,5,3,9,0.8655335
5,3,3,5,0.86509454
7,1,6,6,0.8631479
9,10,10,4,0.8603185
4,10,4,1,0.8577819
10,2,1,1,0.8556849
9,1,9,4,0.85203266
5,8,5,3,0.8434837
1,8,10,6,0.8431324
2,1,6,6,0.8424764
2,9,4,4,0.84170717
1,9,3,8,0.841098
10,2,2,6,0.8402118
10,5,4,3,0.8386105
6,9,3,8,0.8377541
8,10,9,6,0.834421
1,10,5,5,0.8332291
6,5,7,3,0.83171964
3,1,1,10,0.8297957
4,5,9,7,0.8286547
2,1,3,9,0.82844007
3,1,1,8,0.8256928
5,6,6,7,0.8246274
1,2,2,4,0.821144
10,8,8,10,0.819637
2,3,3,5,0.81850255
5,6,6,9,0.8138172
5,6,6,3,0.8137632
1,8,3,9,0.8102043
3,9,5,5,0.80746603
5,2,4,10,0.80256236
5,1,3,9,0.8012729
1,6,2,3,0.8011241
7,3,6,10,0.8008813
9,9,6,5,0.8008134
6,1,1,8,0.8004313
10,1,3,9,0.80031
6,5,4,10,0.79994243
9,10,6,5,0.79441935
3,2,3,9,0.7932362
2,5,5,4,0.7912133
8,2,10,6,0.7891911
5,7,1,8,0.78912497
7,10,9,6,0.7828394
1,9,5,5,0.78088856
1,9,4,4,0.7801069
7,3,3,9,0.77637047
3,2,5,10,0.776098
6,8,10,6,0.7736693
9,1,4,5,0.76987684
1,8,9,3,0.76932156
1,5,9,7,0.76921904
9,5,9,6,0.76474863
1,6,4,1,0.76391757
2,7,4,5,0.76092315
4,5,10,3,0.7603972
8,4,7,8,0.75559413
10,2,4,6,0.7555853
7,2,8,9,0.7522415
1,6,1,2,0.75108284
5,6,10,1,0.7452237
4,6,6,3,0.74492866
10,1,6,7,0.74478585
3,1,1,4,0.74385834
7,7,5,2,0.7367167
7,5,1,9,0.7345121
9,2,5,10,0.72966975
5,3,10,4,0.7292375
6,2,2,1,0.7282375
8,5,4,3,0.7266544
9,9,4,9,0.72417176
5,2,1,1,0.72123647
10,1,7,9,0.7185157
9,7,7,6,0.7161068
9,10,9,6,0.71297747
7,1,4,1,0.710531
5,8,9,3,0.708456
1,9,9,6,0.7073384
6,5,4,3,0.7067299
6,4,6,1,0.70602304
9,1,1,3,0.70489824
7,1,7,9,0.7045796
5,2,4,5,0.70372033
4,2,2,7,0.7015695
1,2,4,10,0.7005332
2,8,5,3,0.6993792
3,5,1,9,0.6972514
1,4,6,5,0.69648135
2,3,8,4,0.69551265
5,8,8,10,0.69237804
1,8,5,3,0.69213784
1,3,6,10,0.69003856
4,8,5,3,0.68780804
1,2,4,6,0.68769574
1,10,4,1,0.6865459
1,6,10,9,0.6849392
5,2,7,6,0.68364173
8,6,8,1,0.6835308
3,1,9,4,0.6834531
3,9,4,4,0.6804796
2,6,6,3,0.6803927
10,2,4,10,0.67672265
4,5,3,10,0.67630047
4,2,6,9,0.6758308
8,1,9,4,0.6751874
7,10,3,9,0.6744944
2,5,10,3,0.673436
10,9,5,5,0.6733126
6,8,4,10,0.67187464
7,5,9,8,0.67121774
6,4,5,8,0.6711954
7,10,4,6,0.67077774
6,2,7,6,0.66708297
9,9,1,4,0.66641635
9,10,10,9,0.6652788
7,3,2,2,0.6651372
8,4,9,8,0.66281086
6,8,5,3,0.6624597
7,10,7,2,0.6594504
7,7,5,1,0.65935713
4,2,10,6,0.6591796
4,5,9,8,0.6570145
1,5,3,8,0.656777
9,5,4,10,0.6552309
8,2,6,9,0.65504503
5,2,2,1,0.6509485
4,6,1,2,0.6465312
6,9,9,6,0.646462
9,5,6,6,0.645273
9,9,8,10,0.6433648
9,10,8,3,0.6406432
1,2,4,5,0.63964355
1,2,8,9,0.6388938
1,8,10,4,0.6380875
1,3,8,6,0.6364383
2,1,4,1,0.6350434
4,5,3,8,0.6310726
2,6,2,3,0.62825173
9,8,8,4,0.6267966
1,4,6,1,0.6252538
8,4,6,1,0.6250796
5,3,5,4,0.6238801
9,8,9,3,0.62315685
8,5,2,6,0.6222579
2,8,8,4,0.6220792
2,7,2,7,0.6215604
1,5,3,10,0.62130034
2,5,9,8,0.6206522
9,9,5,1,0.61994183
1,4,7,8,0.6197021
1,6,8,1,0.61923563
5,7,4,6,0.6182069
1,6,10,1,0.6181942
10,5,4,10,0.6153973
2,1,9,4,0.6150246
1,10,4,6,0.61488426
8,4,6,4,0.6129601
7,8,9,3,0.611856
2,10,4,6,0.6111952
6,5,2,6,0.610553
6,2,4,5,0.610413
6,1,4,1,0.6101281
8,5,4,10,0.6077902
6,1,3,8,0.6070727
6,1,6,7,0.6035704
2,3,8,3,0.60353774
3,1,6,6,0.6028086
5,2,6,9,0.60212475
3,2,4,10,0.59962666
7,10,5,5,0.59951633
1,3,1,10,0.5990917
4,5,2,6,0.5987329
2,3,5,10,0.59742796
8,6,3,6,0.59700567
1,2,7,6,0.5956636
9,10,4,6,0.595015
3,8,5,3,0.59323204
6,4,7,8,0.5905696
1,5,1,9,0.58393115
1,5,4,3,0.58289486
10,6,8,1,0.5813754
2,1,3,8,0.579082
9,7,8,9,0.57662606
10,7,2,5,0.57601905
9,1,7,9,0.5748977
3,5,4,3,0.57377356
4,10,3,9,0.5736668
10,8,4,10,0.57296073
8,9,5,5,0.57092386
6,4,6,5,0.57080865
1,2,6,9,0.56962323
3,8,10,6,0.56908303
1,4,5,8,0.5689078
7,3,3,6,0.56517184
5,7,4,5,0.563943
3,6,10,9,0.563707
9,2,6,9,0.5625347
8,8,10,5,0.560776
8,2,4,6,0.56045467
4,10,1,7,0.5577884
6,5,10,3,0.5561184
6,3,8,3,0.5529343
9,1,1,9,0.55209374
5,8,10,4,0.5498686
1,6,6,9,0.54980624
8,4,1,8,0.5490784
9,3,1,10,0.54798347
10,3,5,4,0.5467109
8,4,4,9,0.54616976
2,9,3,8,0.5420395
9,6,2,3,0.5415159
7,2,4,10,0.5413742
2,3,5,8,0.54109585
7,7,4,7,0.54042304
9,8,5,3,0.5401059
6,3,5,8,0.53730893
1,6,6,7,0.5357751
2,7,2,5,0.5352703
8,1,3,9,0.53408843
5,3,5,10,0.53364843
6,1,9,4,0.5321207
6,8,9,3,0.5310022
8,1,7,9,0.5305619
1,3,3,6,0.5297165
6,9,5,5,0.5290366
10,6,6,9,0.52889055
9,8,7,2,0.5282863
5,5,5,7,0.52519095
9,7,7,9,0.5226199
5,10,5,2,0.5221699
8,2,2,7,0.5217187
3,6,2,3,0.5204289
7,3,8,6,0.51967424
2,6,4,1,0.5186103
8,8,2,3,0.51508754
9,4,4,10,0.51505506
8,7,2,7,0.51445806
9,9,9,10,0.5109752
8,5,9,7,0.51017445
2,10,1,7,0.50993025
1,9,2,9,0.5091475
10,8,5,3,0.50813043
2,6,10,7,0.50776535
1,3,5,1,0.50712
1,5,5,4,0.5052556
8,4,6,5,0.5050276
2,5,3,10,0.50458145
4,8,4,10,0.50374734
9,10,4,1,0.5033363
8,1,6,7,0.5028026
